GeoFIPS,GeoName,Region,TableName,LineCode,IndustryClassification,Description,Unit,2008,2009,2010,2011,2012,2013,2014,2015,2016,2017,2018,2019,2020,2021,2022,2023
 "00999","United States (Nonmetropolitan Portion)", ,MAIRPD,1,"...","Implicit regional price deflator ","Index",77.167,77.271,80.298,82.164,83.870,85.213,86.310,86.267,86.382,87.616,91.072,92.498,92.408,96.800,102.795,106.299
 "10180","Abilene, TX (Metropolitan Statistical Area)", ,MAIRPD,1,"...","Implicit regional price deflator ","Index",82.162,79.461,84.109,85.802,88.920,88.582,91.831,90.346,91.674,93.778,94.188,95.657,94.491,99.925,106.239,108.260
 "10420","Akron, OH (Metropolitan Statistical Area)", ,MAIRPD,1,"...","Implicit regional price deflator ","Index",82.497,84.669,84.413,87.295,90.275,91.224,92.247,93.014,93.708,95.359,96.181,98.020,97.856,101.903,106.970,111.848
 "10500","Albany, GA (Metropolitan Statistical Area)", ,MAIRPD,1,"...","Implicit regional price deflator ","Index",77.087,76.115,78.956,81.390,82.607,84.354,85.886,85.626,87.754,87.291,88.260,87.117,87.710,97.350,99.982,104.111
 "10540","Albany-Lebanon, OR (Metropolitan Statistical Area)", ,MAIRPD,1,"...","Implicit regional price deflator ","Index",88.651,88.960,87.794,89.319,91.324,92.763,95.931,96.102,97.229,98.937,105.384,106.601,107.465,111.068,121.486,126.045
 "10580","Albany-Schenectady-Troy, NY (Metropolitan Statistical Area)", ,MAIRPD,1,"...","Implicit regional price deflator ","Index",91.579,90.915,90.466,93.502,94.096,97.436,96.537,98.090,99.498,100.700,101.828,102.897,103.561,107.798,112.059,117.579
 "10740","Albuquerque, NM (Metropolitan Statistical Area)", ,MAIRPD,1,"...","Implicit regional price deflator ","Index",86.451,88.058,88.170,93.211,94.150,94.168,95.621,94.144,94.934,98.087,95.808,98.421,98.540,100.480,108.399,112.007
 "10780","Alexandria, LA (Metropolitan Statistical Area)", ,MAIRPD,1,"...","Implicit regional price deflator ","Index",79.946,76.605,80.569,80.716,85.352,87.651,88.146,87.831,90.544,90.539,89.260,92.224,91.325,97.349,99.856,103.885
 "10900","Allentown-Bethlehem-Easton, PA-NJ (Metropolitan Statistical Area)", ,MAIRPD,1,"...","Implicit regional price deflator ","Index",90.185,91.172,91.617,92.742,94.508,96.586,96.732,98.293,99.438,101.735,101.189,102.598,104.301,106.824,113.774,118.613
 "11020","Altoona, PA (Metropolitan Statistical Area)", ,MAIRPD,1,"...","Implicit regional price deflator ","Index",83.800,81.681,84.952,86.807,87.269,88.898,86.816,90.079,89.980,91.208,93.182,93.872,93.861,97.178,103.294,106.334
 "11100","Amarillo, TX (Metropolitan Statistical Area)", ,MAIRPD,1,"...","Implicit regional price deflator ","Index",85.387,83.123,85.905,89.430,90.891,92.365,93.530,94.353,95.513,96.153,95.158,97.447,98.871,101.894,106.254,109.420
 "11180","Ames, IA (Metropolitan Statistical Area)", ,MAIRPD,1,"...","Implicit regional price deflator ","Index",73.504,80.043,84.143,85.141,87.321,90.609,90.368,87.699,87.340,89.858,95.864,99.299,97.425,99.687,102.630,110.151
 "11260","Anchorage, AK (Metropolitan Statistical Area)", ,MAIRPD,1,"...","Implicit regional price deflator ","Index",94.963,99.482,96.252,99.114,101.382,101.994,101.859,102.854,106.215,107.790,108.600,108.473,107.999,116.216,119.676,125.970
 "11460","Ann Arbor, MI (Metropolitan Statistical Area)", ,MAIRPD,1,"...","Implicit regional price deflator ","Index",92.395,90.060,91.520,93.147,95.395,95.954,99.593,97.483,96.626,98.476,101.258,104.198,103.124,108.404,113.666,118.043
 "11500","Anniston-Oxford, AL (Metropolitan Statistical Area)", ,MAIRPD,1,"...","Implicit regional price deflator ","Index",78.633,74.195,80.336,84.343,85.780,86.562,87.102,88.646,89.238,88.603,86.896,90.667,89.717,91.249,97.706,105.090
 "11540","Appleton, WI (Metropolitan Statistical Area)", ,MAIRPD,1,"...","Implicit regional price deflator ","Index",86.655,84.196,86.206,87.470,89.470,91.307,91.734,90.924,91.380,92.079,95.411,97.009,96.579,101.798,106.686,112.776
 "11700","Asheville, NC (Metropolitan Statistical Area)", ,MAIRPD,1,"...","Implicit regional price deflator ","Index",83.155,81.197,83.985,86.694,89.046,90.149,91.720,90.539,93.694,93.836,94.947,97.384,97.522,103.168,109.845,115.827
 "12020","Athens-Clarke County, GA (Metropolitan Statistical Area)", ,MAIRPD,1,"...","Implicit regional price deflator ","Index",83.980,83.863,85.664,87.568,88.207,89.463,90.753,90.338,92.114,93.834,92.415,93.819,94.402,102.900,108.466,112.391
 "12060","Atlanta-Sandy Springs-Alpharetta, GA (Metropolitan Statistical Area)", ,MAIRPD,1,"...","Implicit regional price deflator ","Index",87.431,84.507,88.848,89.532,93.689,94.070,95.615,95.350,96.687,99.406,100.215,101.560,103.343,107.989,114.595,121.616
 "12100","Atlantic City-Hammonton, NJ (Metropolitan Statistical Area)", ,MAIRPD,1,"...","Implicit regional price deflator ","Index",97.938,95.120,96.730,98.028,99.661,97.924,98.552,100.466,100.628,97.846,101.790,100.438,105.309,105.609,114.380,117.082
 "12220","Auburn-Opelika, AL (Metropolitan Statistical Area)", ,MAIRPD,1,"...","Implicit regional price deflator ","Index",80.484,78.580,80.790,85.475,86.070,87.187,88.662,86.290,88.651,89.605,90.753,93.849,93.475,97.666,103.151,107.064
 "12260","Augusta-Richmond County, GA-SC (Metropolitan Statistical Area)", ,MAIRPD,1,"...","Implicit regional price deflator ","Index",81.172,80.506,83.435,86.884,88.322,89.276,89.802,90.685,91.983,92.418,93.320,93.429,93.838,100.161,106.520,109.683
 "12420","Austin-Round Rock-Georgetown, TX (Metropolitan Statistical Area)", ,MAIRPD,1,"...","Implicit regional price deflator ","Index",88.755,87.872,90.190,93.048,95.399,96.478,98.414,98.780,100.771,101.755,101.084,102.840,105.812,108.964,114.693,117.624
 "12540","Bakersfield, CA (Metropolitan Statistical Area)", ,MAIRPD,1,"...","Implicit regional price deflator ","Index",86.370,89.148,88.887,93.184,95.545,95.446,96.725,95.016,94.831,98.433,103.908,104.681,104.985,109.927,121.253,123.199
 "12580","Baltimore-Columbia-Towson, MD (Metropolitan Statistical Area)", ,MAIRPD,1,"...","Implicit regional price deflator ","Index",94.947,97.486,96.200,101.001,100.675,102.246,102.684,103.105,104.289,107.598,107.382,107.558,110.226,114.350,118.970,123.711
 "12620","Bangor, ME (Metropolitan Statistical Area)", ,MAIRPD,1,"...","Implicit regional price deflator ","Index",83.871,82.085,87.525,87.206,91.132,95.414,89.525,90.386,91.860,94.693,95.903,100.023,102.062,105.435,112.109,110.208
 "12700","Barnstable Town, MA (Metropolitan Statistical Area)", ,MAIRPD,1,"...","Implicit regional price deflator ","Index",91.833,91.576,95.416,92.346,95.487,95.892,101.674,103.036,104.108,105.852,103.210,108.953,105.951,110.415,126.260,127.498
 "12940","Baton Rouge, LA (Metropolitan Statistical Area)", ,MAIRPD,1,"...","Implicit regional price deflator ","Index",83.031,81.582,84.451,87.786,89.031,90.839,91.979,92.069,93.962,93.957,94.712,96.078,97.451,101.531,107.262,109.408
 "12980","Battle Creek, MI (Metropolitan Statistical Area)", ,MAIRPD,1,"...","Implicit regional price deflator ","Index",84.408,84.054,83.587,86.004,89.090,89.466,91.438,89.335,90.362,91.009,93.864,95.064,94.915,98.527,103.900,106.307
 "13020","Bay City, MI (Metropolitan Statistical Area)", ,MAIRPD,1,"...","Implicit regional price deflator ","Index",83.970,83.527,83.750,86.049,88.105,89.455,90.264,88.610,90.514,89.357,94.606,95.688,92.867,99.673,102.424,109.123
 "13140","Beaumont-Port Arthur, TX (Metropolitan Statistical Area)", ,MAIRPD,1,"...","Implicit regional price deflator ","Index",83.242,81.308,83.816,87.877,88.216,90.415,91.765,90.176,93.107,92.365,93.518,95.590,94.334,101.348,105.718,108.728
 "13220","Beckley, WV (Metropolitan Statistical Area)", ,MAIRPD,1,"...","Implicit regional price deflator ","Index",74.391,69.561,76.799,77.976,78.992,83.546,84.962,85.145,81.816,84.784,87.964,89.335,87.316,97.373,102.379,108.013
 "13380","Bellingham, WA (Metropolitan Statistical Area)", ,MAIRPD,1,"...","Implicit regional price deflator ","Index",85.694,90.923,90.224,95.800,96.422,96.071,98.061,98.390,96.877,100.753,106.508,107.729,108.335,113.954,122.957,125.479
 "13460","Bend, OR (Metropolitan Statistical Area)", ,MAIRPD,1,"...","Implicit regional price deflator ","Index",89.617,88.402,87.791,89.501,91.341,92.977,96.412,99.429,98.895,102.690,105.725,107.496,109.019,112.087,125.402,127.492
 "13740","Billings, MT (Metropolitan Statistical Area)", ,MAIRPD,1,"...","Implicit regional price deflator ","Index",84.655,85.153,85.960,89.840,92.617,92.241,94.308,94.203,93.179,97.136,96.085,99.061,96.500,100.661,106.416,107.975
 "13780","Binghamton, NY (Metropolitan Statistical Area)", ,MAIRPD,1,"...","Implicit regional price deflator ","Index",86.737,86.541,88.775,90.633,89.809,91.944,92.244,93.483,94.564,97.889,97.979,97.140,101.401,102.735,106.922,110.406
 "13820","Birmingham-Hoover, AL (Metropolitan Statistical Area)", ,MAIRPD,1,"...","Implicit regional price deflator ","Index",82.985,81.799,84.750,88.030,89.036,90.588,91.048,91.075,92.857,93.398,92.283,94.474,96.083,98.958,106.042,111.537
 "13900","Bismarck, ND (Metropolitan Statistical Area)", ,MAIRPD,1,"...","Implicit regional price deflator ","Index",80.376,81.940,80.411,83.296,90.090,91.942,94.071,91.224,94.431,91.091,93.331,97.499,96.921,102.566,105.751,108.018
 "13980","Blacksburg-Christiansburg, VA (Metropolitan Statistical Area)", ,MAIRPD,1,"...","Implicit regional price deflator ","Index",78.315,77.616,81.478,83.923,83.639,88.038,89.131,89.021,86.927,88.997,93.481,94.123,95.228,100.333,107.990,109.234
 "14010","Bloomington, IL (Metropolitan Statistical Area)", ,MAIRPD,1,"...","Implicit regional price deflator ","Index",86.463,85.278,88.207,88.678,91.146,91.277,92.919,92.174,92.310,92.888,96.259,98.418,96.999,101.185,107.457,110.854
 "14020","Bloomington, IN (Metropolitan Statistical Area)", ,MAIRPD,1,"...","Implicit regional price deflator ","Index",84.110,85.881,85.959,88.619,89.080,90.177,92.242,91.783,93.900,93.649,95.652,97.878,97.725,102.364,108.020,112.505
 "14100","Bloomsburg-Berwick, PA (Metropolitan Statistical Area)", ,MAIRPD,1,"...","Implicit regional price deflator ","Index",84.377,83.336,84.773,85.897,87.281,89.860,89.657,91.302,93.013,93.983,95.139,94.731,95.690,97.442,103.446,108.852
 "14260","Boise City, ID (Metropolitan Statistical Area)", ,MAIRPD,1,"...","Implicit regional price deflator ","Index",84.917,86.888,86.462,89.991,91.384,92.294,93.142,92.309,91.542,95.833,95.475,99.072,97.993,102.239,109.382,112.571
 "14460","Boston-Cambridge-Newton, MA-NH (Metropolitan Statistical Area)", ,MAIRPD,1,"...","Implicit regional price deflator ","Index",96.204,94.800,96.073,98.939,100.100,99.872,102.693,103.240,108.251,108.945,112.328,113.765,117.769,119.747,130.309,134.437
 "14500","Boulder, CO (Metropolitan Statistical Area)", ,MAIRPD,1,"...","Implicit regional price deflator ","Index",96.740,93.837,94.584,99.437,101.625,101.384,103.285,104.007,103.803,105.316,103.701,109.171,106.425,110.052,116.018,120.312
 "14540","Bowling Green, KY (Metropolitan Statistical Area)", ,MAIRPD,1,"...","Implicit regional price deflator ","Index",77.204,75.294,79.972,81.424,83.743,86.114,86.705,86.489,85.824,87.938,89.694,91.970,93.595,96.564,103.712,109.065
 "14740","Bremerton-Silverdale-Port Orchard, WA (Metropolitan Statistical Area)", ,MAIRPD,1,"...","Implicit regional price deflator ","Index",95.416,94.074,93.497,96.421,97.890,98.735,101.680,102.073,105.268,107.858,109.541,109.320,110.264,112.891,126.344,129.577
 "14860","Bridgeport-Stamford-Norwalk, CT (Metropolitan Statistical Area)", ,MAIRPD,1,"...","Implicit regional price deflator ","Index",104.476,104.813,102.686,106.047,107.774,110.215,112.051,110.716,112.021,111.822,109.646,109.988,113.776,115.736,127.348,128.306
 "15180","Brownsville-Harlingen, TX (Metropolitan Statistical Area)", ,MAIRPD,1,"...","Implicit regional price deflator ","Index",75.796,76.602,78.717,83.099,84.333,83.868,85.343,85.956,87.983,87.984,86.901,90.750,88.963,95.741,98.790,102.638
 "15260","Brunswick, GA (Metropolitan Statistical Area)", ,MAIRPD,1,"...","Implicit regional price deflator ","Index",78.613,76.717,81.125,82.305,84.948,85.943,88.296,87.105,87.671,89.353,93.626,89.762,93.096,98.193,106.144,108.093
 "15380","Buffalo-Cheektowaga, NY (Metropolitan Statistical Area)", ,MAIRPD,1,"...","Implicit regional price deflator ","Index",86.741,87.169,87.291,89.370,90.986,93.263,92.229,95.281,95.953,97.348,97.505,97.864,98.520,103.305,109.058,113.736
 "15500","Burlington, NC (Metropolitan Statistical Area)", ,MAIRPD,1,"...","Implicit regional price deflator ","Index",82.456,81.662,83.655,86.709,88.193,89.856,90.009,90.640,90.570,92.184,93.307,93.608,93.887,97.451,106.827,111.753
 "15540","Burlington-South Burlington, VT (Metropolitan Statistical Area)", ,MAIRPD,1,"...","Implicit regional price deflator ","Index",92.086,93.349,92.548,94.726,97.155,99.032,96.747,100.229,100.502,103.752,104.259,108.213,109.931,111.716,123.326,120.539
 "15680","California-Lexington Park, MD (Metropolitan Statistical Area)", ,MAIRPD,1,"...","Implicit regional price deflator ","Index",87.354,84.659,88.988,92.577,93.624,95.739,96.871,97.417,97.765,94.755,100.142,99.652,102.750,105.145,115.899,120.789
 "15940","Canton-Massillon, OH (Metropolitan Statistical Area)", ,MAIRPD,1,"...","Implicit regional price deflator ","Index",83.303,81.939,83.878,84.712,87.193,88.152,89.347,88.688,88.868,90.252,92.695,94.264,92.994,97.768,103.036,106.682
 "15980","Cape Coral-Fort Myers, FL (Metropolitan Statistical Area)", ,MAIRPD,1,"...","Implicit regional price deflator ","Index",89.082,86.246,88.084,90.637,92.500,93.759,95.709,96.428,99.278,99.439,101.284,101.255,102.659,108.924,118.212,123.581
 "16020","Cape Girardeau, MO-IL (Metropolitan Statistical Area)", ,MAIRPD,1,"...","Implicit regional price deflator ","Index",72.481,73.824,79.529,80.715,83.726,85.747,85.668,84.039,84.741,85.249,89.620,93.214,92.975,96.442,100.055,104.012
 "16060","Carbondale-Marion, IL (Metropolitan Statistical Area)", ,MAIRPD,1,"...","Implicit regional price deflator ","Index",72.300,75.474,77.821,82.143,83.282,83.097,84.595,84.485,84.432,82.744,89.625,91.811,91.636,94.186,100.790,105.120
 "16180","Carson City, NV (Metropolitan Statistical Area)", ,MAIRPD,1,"...","Implicit regional price deflator ","Index",89.050,84.890,88.223,90.421,89.954,92.331,94.646,96.508,94.430,97.804,96.715,102.013,99.275,102.514,109.656,113.329
 "16220","Casper, WY (Metropolitan Statistical Area)", ,MAIRPD,1,"...","Implicit regional price deflator ","Index",82.326,86.342,86.411,90.862,93.810,95.139,95.293,92.650,95.919,98.164,97.262,96.577,97.659,99.633,106.891,110.650
 "16300","Cedar Rapids, IA (Metropolitan Statistical Area)", ,MAIRPD,1,"...","Implicit regional price deflator ","Index",82.902,83.108,84.720,86.117,88.670,85.937,89.919,89.959,89.692,91.660,94.283,95.312,95.457,100.225,104.463,108.393
 "16540","Chambersburg-Waynesboro, PA (Metropolitan Statistical Area)", ,MAIRPD,1,"...","Implicit regional price deflator ","Index",87.505,87.029,87.356,89.392,90.278,93.241,92.320,93.706,94.564,98.065,98.119,97.849,98.618,103.404,108.942,113.171
 "16580","Champaign-Urbana, IL (Metropolitan Statistical Area)", ,MAIRPD,1,"...","Implicit regional price deflator ","Index",86.843,86.020,86.556,87.991,89.445,91.008,92.143,91.461,92.802,92.790,95.280,97.680,96.424,101.692,106.215,109.437
 "16620","Charleston, WV (Metropolitan Statistical Area)", ,MAIRPD,1,"...","Implicit regional price deflator ","Index",80.072,78.886,82.116,86.129,87.209,87.075,88.772,88.724,89.885,89.586,92.118,92.174,90.874,99.174,102.713,106.501
 "16700","Charleston-North Charleston, SC (Metropolitan Statistical Area)", ,MAIRPD,1,"...","Implicit regional price deflator ","Index",86.864,86.535,88.422,92.256,94.831,95.394,96.921,97.321,97.979,99.237,100.341,101.635,102.571,108.085,115.055,121.261
 "16740","Charlotte-Concord-Gastonia, NC-SC (Metropolitan Statistical Area)", ,MAIRPD,1,"...","Implicit regional price deflator ","Index",84.951,83.604,86.516,88.788,90.867,91.839,93.535,93.578,95.239,96.217,97.505,97.804,98.540,105.300,112.361,116.852
 "16820","Charlottesville, VA (Metropolitan Statistical Area)", ,MAIRPD,1,"...","Implicit regional price deflator ","Index",88.873,87.677,90.975,93.343,93.421,96.476,96.957,97.333,98.562,99.900,100.208,99.134,102.877,109.534,113.254,118.796
 "16860","Chattanooga, TN-GA (Metropolitan Statistical Area)", ,MAIRPD,1,"...","Implicit regional price deflator ","Index",82.199,81.435,84.833,86.872,89.232,89.420,90.751,91.028,92.130,94.115,91.199,94.458,94.233,98.073,107.437,111.809
 "16940","Cheyenne, WY (Metropolitan Statistical Area)", ,MAIRPD,1,"...","Implicit regional price deflator ","Index",85.222,88.436,87.584,93.000,93.808,93.847,96.956,93.763,96.202,98.654,95.551,99.835,96.023,101.280,109.355,109.563
 "16980","Chicago-Naperville-Elgin, IL-IN-WI (Metropolitan Statistical Area)", ,MAIRPD,1,"...","Implicit regional price deflator ","Index",93.868,94.545,95.832,99.117,99.313,99.832,100.179,99.781,101.967,105.167,106.218,106.260,109.275,114.876,122.719,123.572
 "17020","Chico, CA (Metropolitan Statistical Area)", ,MAIRPD,1,"...","Implicit regional price deflator ","Index",88.626,90.911,91.149,94.732,97.835,96.204,96.891,95.713,95.360,100.767,106.445,105.814,106.517,111.661,120.978,126.053
 "17140","Cincinnati, OH-KY-IN (Metropolitan Statistical Area)", ,MAIRPD,1,"...","Implicit regional price deflator ","Index",86.531,85.774,85.749,86.507,88.307,89.816,90.201,89.289,91.956,93.822,96.212,98.247,98.242,102.635,108.655,113.385
 "17300","Clarksville, TN-KY (Metropolitan Statistical Area)", ,MAIRPD,1,"...","Implicit regional price deflator ","Index",80.674,80.032,82.670,87.031,87.869,88.855,89.646,89.930,91.952,92.127,90.413,92.584,92.882,98.505,105.737,111.030
 "17420","Cleveland, TN (Metropolitan Statistical Area)", ,MAIRPD,1,"...","Implicit regional price deflator ","Index",78.360,76.989,78.956,80.464,84.372,86.331,86.667,85.679,87.031,85.188,90.016,89.754,90.655,95.615,103.588,109.497
 "17460","Cleveland-Elyria, OH (Metropolitan Statistical Area)", ,MAIRPD,1,"...","Implicit regional price deflator ","Index",82.782,85.688,85.420,88.137,89.987,92.446,93.536,93.094,94.105,95.489,96.599,97.681,97.827,102.433,108.147,112.111
 "17660","Coeur d'Alene, ID (Metropolitan Statistical Area)", ,MAIRPD,1,"...","Implicit regional price deflator ","Index",87.553,84.568,84.358,87.536,89.702,92.391,93.410,94.069,95.837,97.623,95.905,93.788,97.355,102.154,108.799,116.735
 "17780","College Station-Bryan, TX (Metropolitan Statistical Area)", ,MAIRPD,1,"...","Implicit regional price deflator ","Index",84.776,83.803,86.652,88.633,91.138,91.155,92.686,93.330,94.759,94.661,96.600,97.785,99.552,103.417,107.286,109.286
 "17820","Colorado Springs, CO (Metropolitan Statistical Area)", ,MAIRPD,1,"...","Implicit regional price deflator ","Index",87.372,90.285,89.711,95.084,96.617,96.987,98.122,97.013,97.235,101.947,99.865,103.867,103.156,105.229,112.419,117.371
 "17860","Columbia, MO (Metropolitan Statistical Area)", ,MAIRPD,1,"...","Implicit regional price deflator ","Index",83.438,83.170,84.262,85.372,88.369,88.664,90.265,89.086,89.691,91.091,93.512,95.659,95.340,97.530,101.970,107.574
 "17900","Columbia, SC (Metropolitan Statistical Area)", ,MAIRPD,1,"...","Implicit regional price deflator ","Index",83.391,82.055,85.134,88.365,89.196,90.688,91.395,92.065,92.945,93.627,94.244,94.219,94.013,101.629,108.456,111.966
 "17980","Columbus, GA-AL (Metropolitan Statistical Area)", ,MAIRPD,1,"...","Implicit regional price deflator ","Index",78.842,77.629,82.127,84.879,85.165,86.611,88.422,88.721,88.887,89.647,90.133,90.927,90.316,96.907,103.781,106.991
 "18020","Columbus, IN (Metropolitan Statistical Area)", ,MAIRPD,1,"...","Implicit regional price deflator ","Index",74.896,76.573,81.964,82.637,85.543,85.073,87.834,85.321,86.475,87.425,95.877,97.110,95.661,100.050,104.830,108.818
 "18140","Columbus, OH (Metropolitan Statistical Area)", ,MAIRPD,1,"...","Implicit regional price deflator ","Index",86.139,85.394,86.884,87.370,90.213,91.457,92.586,92.026,93.021,93.646,97.166,98.978,98.796,103.352,109.262,113.884
 "18580","Corpus Christi, TX (Metropolitan Statistical Area)", ,MAIRPD,1,"...","Implicit regional price deflator ","Index",85.759,82.487,86.683,88.241,90.298,93.088,93.789,93.559,95.726,96.785,95.862,98.328,99.377,103.080,108.486,110.016
 "18700","Corvallis, OR (Metropolitan Statistical Area)", ,MAIRPD,1,"...","Implicit regional price deflator ","Index",88.651,88.960,87.794,89.319,91.324,92.763,95.931,96.102,97.229,98.937,105.384,106.601,107.465,111.068,123.149,128.152
 "18880","Crestview-Fort Walton Beach-Destin, FL (Metropolitan Statistical Area)", ,MAIRPD,1,"...","Implicit regional price deflator ","Index",85.394,83.803,86.863,90.050,92.572,92.634,94.514,94.591,95.098,95.561,98.165,99.212,99.297,105.535,113.696,118.069
 "19060","Cumberland, MD-WV (Metropolitan Statistical Area)", ,MAIRPD,1,"...","Implicit regional price deflator ","Index",80.939,80.088,81.677,84.675,87.795,86.775,90.673,88.889,90.203,89.857,90.654,91.979,92.269,99.375,100.763,103.406
 "19100","Dallas-Fort Worth-Arlington, TX (Metropolitan Statistical Area)", ,MAIRPD,1,"...","Implicit regional price deflator ","Index",90.216,90.253,91.731,93.013,95.242,96.700,97.273,96.350,96.259,99.471,103.118,107.041,109.396,113.331,120.264,124.458
 "19140","Dalton, GA (Metropolitan Statistical Area)", ,MAIRPD,1,"...","Implicit regional price deflator ","Index",79.543,75.691,80.766,81.111,83.624,84.117,86.411,86.238,86.080,85.439,90.611,90.708,88.405,98.883,104.921,108.774
 "19180","Danville, IL (Metropolitan Statistical Area)", ,MAIRPD,1,"...","Implicit regional price deflator ","Index",72.230,74.229,79.397,80.466,82.776,82.731,84.740,83.666,82.841,83.981,89.591,89.977,90.576,95.918,102.047,104.615
 "19300","Daphne-Fairhope-Foley, AL (Metropolitan Statistical Area)", ,MAIRPD,1,"...","Implicit regional price deflator ","Index",84.905,84.058,87.452,86.655,90.605,90.185,91.368,90.951,93.184,95.652,93.342,97.942,94.955,100.313,105.946,114.137
 "19340","Davenport-Moline-Rock Island, IA-IL (Metropolitan Statistical Area)", ,MAIRPD,1,"...","Implicit regional price deflator ","Index",84.605,82.943,85.216,85.363,88.155,89.274,89.838,89.027,89.249,91.097,93.861,95.218,95.867,99.539,103.052,107.568
 "19430","Dayton-Kettering, OH (Metropolitan Statistical Area)", ,MAIRPD,1,"...","Implicit regional price deflator ","Index",85.675,84.184,85.340,86.478,88.053,89.686,90.845,90.164,91.192,91.849,94.668,95.724,96.088,100.587,106.195,111.200
 "19460","Decatur, AL (Metropolitan Statistical Area)", ,MAIRPD,1,"...","Implicit regional price deflator ","Index",80.045,75.723,80.338,83.997,83.386,86.880,84.750,87.772,87.664,88.956,89.035,87.312,91.184,93.897,101.502,108.558
 "19500","Decatur, IL (Metropolitan Statistical Area)", ,MAIRPD,1,"...","Implicit regional price deflator ","Index",81.221,81.665,80.994,85.034,87.972,85.901,87.739,86.547,87.508,85.950,91.628,92.678,92.387,97.514,101.416,104.350
 "19660","Deltona-Daytona Beach-Ormond Beach, FL (Metropolitan Statistical Area)", ,MAIRPD,1,"...","Implicit regional price deflator ","Index",87.904,85.901,86.966,90.893,92.186,92.990,94.793,95.499,96.543,98.232,99.070,99.118,101.170,106.577,114.718,118.975
 "19740","Denver-Aurora-Lakewood, CO (Metropolitan Statistical Area)", ,MAIRPD,1,"...","Implicit regional price deflator ","Index",94.314,91.853,92.238,97.408,99.381,100.503,101.821,102.215,103.373,104.338,104.524,108.057,114.416,118.841,124.639,127.106
 "19780","Des Moines-West Des Moines, IA (Metropolitan Statistical Area)", ,MAIRPD,1,"...","Implicit regional price deflator ","Index",84.909,86.465,86.314,87.696,90.311,91.760,93.256,92.111,93.096,93.901,97.524,98.973,98.158,101.782,106.893,111.646
 "19820","Detroit-Warren-Dearborn, MI (Metropolitan Statistical Area)", ,MAIRPD,1,"...","Implicit regional price deflator ","Index",89.682,89.065,89.961,91.451,92.552,94.246,95.834,94.206,94.553,95.760,99.182,101.892,102.891,105.008,111.808,118.090
 "20020","Dothan, AL (Metropolitan Statistical Area)", ,MAIRPD,1,"...","Implicit regional price deflator ","Index",77.332,76.114,79.335,81.691,83.698,85.279,85.546,84.899,86.737,86.353,86.696,88.800,90.556,93.792,98.990,106.415
 "20100","Dover, DE (Metropolitan Statistical Area)", ,MAIRPD,1,"...","Implicit regional price deflator ","Index",86.235,87.156,89.081,91.166,91.981,93.582,95.721,94.773,98.548,96.740,96.847,98.551,98.232,104.456,110.388,110.432
 "20220","Dubuque, IA (Metropolitan Statistical Area)", ,MAIRPD,1,"...","Implicit regional price deflator ","Index",83.390,82.463,83.121,84.852,86.837,88.613,90.158,88.925,89.737,91.492,92.360,93.097,93.929,96.047,100.290,107.305
 "20260","Duluth, MN-WI (Metropolitan Statistical Area)", ,MAIRPD,1,"...","Implicit regional price deflator ","Index",79.202,82.287,80.475,84.099,85.433,84.305,86.458,87.522,86.587,85.995,92.324,93.069,86.799,96.787,102.693,104.803
 "20500","Durham-Chapel Hill, NC (Metropolitan Statistical Area)", ,MAIRPD,1,"...","Implicit regional price deflator ","Index",85.857,84.735,87.269,89.939,90.856,92.615,94.170,94.298,94.849,96.243,97.320,97.646,98.661,104.608,112.026,116.440
 "20700","East Stroudsburg, PA (Metropolitan Statistical Area)", ,MAIRPD,1,"...","Implicit regional price deflator ","Index",90.839,89.264,91.067,91.523,91.372,96.356,97.369,95.297,95.358,101.531,100.252,103.890,102.962,106.349,109.412,115.257
 "20740","Eau Claire, WI (Metropolitan Statistical Area)", ,MAIRPD,1,"...","Implicit regional price deflator ","Index",86.223,83.977,85.519,87.604,89.618,89.674,91.362,89.892,90.090,91.135,94.996,96.034,96.489,100.161,105.829,110.135
 "20940","El Centro, CA (Metropolitan Statistical Area)", ,MAIRPD,1,"...","Implicit regional price deflator ","Index",84.992,85.612,86.201,88.018,88.896,90.352,89.202,91.986,94.104,95.951,94.750,99.740,101.402,104.142,116.135,120.587
 "21060","Elizabethtown-Fort Knox, KY (Metropolitan Statistical Area)", ,MAIRPD,1,"...","Implicit regional price deflator ","Index",80.281,78.390,81.962,85.367,83.910,85.924,87.812,86.775,87.341,87.294,89.049,92.088,92.089,95.471,103.226,107.703
 "21140","Elkhart-Goshen, IN (Metropolitan Statistical Area)", ,MAIRPD,1,"...","Implicit regional price deflator ","Index",86.199,83.722,84.119,86.887,87.587,87.487,89.572,89.695,88.643,90.999,94.280,94.654,95.245,95.567,106.388,111.543
 "21300","Elmira, NY (Metropolitan Statistical Area)", ,MAIRPD,1,"...","Implicit regional price deflator ","Index",85.530,86.239,87.342,90.814,89.340,94.801,94.971,95.124,93.807,97.839,98.065,99.000,99.726,103.081,107.761,111.095
 "21340","El Paso, TX (Metropolitan Statistical Area)", ,MAIRPD,1,"...","Implicit regional price deflator ","Index",82.435,82.373,85.552,88.852,90.340,90.737,91.375,91.436,93.524,94.713,93.329,94.853,97.035,101.160,105.576,108.733
 "21420","Enid, OK (Metropolitan Statistical Area) *", ,MAIRPD,1,"...","Implicit regional price deflator ","Index",(NA),(NA),(NA),(NA),(NA),86.147,87.023,88.172,90.489,91.705,89.763,89.094,90.802,94.726,99.330,103.793
 "21500","Erie, PA (Metropolitan Statistical Area)", ,MAIRPD,1,"...","Implicit regional price deflator ","Index",86.093,83.188,85.727,87.193,90.120,92.237,91.178,92.160,93.883,96.658,96.497,97.182,97.124,100.086,105.229,110.268
 "21660","Eugene-Springfield, OR (Metropolitan Statistical Area)", ,MAIRPD,1,"...","Implicit regional price deflator ","Index",85.897,88.928,88.565,93.649,94.981,94.908,95.797,95.024,96.227,99.565,104.271,105.085,105.221,109.812,121.506,124.685
 "21780","Evansville, IN-KY (Metropolitan Statistical Area)", ,MAIRPD,1,"...","Implicit regional price deflator ","Index",83.281,83.579,83.718,85.605,87.384,87.437,88.563,87.831,88.905,90.417,91.522,94.463,93.684,98.239,103.242,108.156
 "21820","Fairbanks, AK (Metropolitan Statistical Area)", ,MAIRPD,1,"...","Implicit regional price deflator ","Index",93.405,91.381,92.508,95.298,92.599,93.593,98.369,97.880,98.698,103.926,106.698,106.702,104.003,113.861,114.549,119.723
 "22020","Fargo, ND-MN (Metropolitan Statistical Area)", ,MAIRPD,1,"...","Implicit regional price deflator ","Index",86.836,84.450,86.335,87.647,90.758,91.331,89.991,92.029,93.889,93.829,94.997,98.342,96.743,100.858,102.132,107.731
 "22140","Farmington, NM (Metropolitan Statistical Area)", ,MAIRPD,1,"...","Implicit regional price deflator ","Index",84.755,81.047,82.403,84.096,89.658,86.295,92.101,92.791,93.425,97.091,93.996,95.310,93.216,97.334,102.534,104.249
 "22180","Fayetteville, NC (Metropolitan Statistical Area)", ,MAIRPD,1,"...","Implicit regional price deflator ","Index",81.311,79.799,83.111,86.148,87.652,88.827,90.162,89.475,89.546,90.342,92.664,92.253,92.917,99.835,105.757,110.111
 "22220","Fayetteville-Springdale-Rogers, AR (Metropolitan Statistical Area)", ,MAIRPD,1,"...","Implicit regional price deflator ","Index",82.539,81.490,83.666,87.012,89.116,89.850,90.670,90.937,92.682,93.414,92.622,94.896,97.013,101.308,105.459,109.595
 "22380","Flagstaff, AZ (Metropolitan Statistical Area)", ,MAIRPD,1,"...","Implicit regional price deflator ","Index",88.980,89.110,89.027,88.380,93.801,96.293,95.729,99.498,96.004,100.956,99.277,102.867,101.555,104.170,110.873,109.973
 "22420","Flint, MI (Metropolitan Statistical Area)", ,MAIRPD,1,"...","Implicit regional price deflator ","Index",85.611,84.448,85.727,86.484,87.971,89.454,90.471,89.241,89.131,89.504,93.580,95.361,94.009,96.948,105.548,108.240
 "22500","Florence, SC (Metropolitan Statistical Area)", ,MAIRPD,1,"...","Implicit regional price deflator ","Index",75.300,75.759,78.986,82.219,84.700,84.983,85.858,87.426,87.895,88.703,89.944,90.725,90.419,98.646,101.954,106.029
 "22520","Florence-Muscle Shoals, AL (Metropolitan Statistical Area)", ,MAIRPD,1,"...","Implicit regional price deflator ","Index",74.225,74.863,79.520,79.759,83.762,81.693,84.528,83.986,84.390,86.704,85.736,84.781,86.645,93.089,98.062,103.162
 "22540","Fond du Lac, WI (Metropolitan Statistical Area)", ,MAIRPD,1,"...","Implicit regional price deflator ","Index",74.406,76.426,80.381,81.390,86.065,87.392,87.514,87.238,86.763,87.186,94.141,96.215,95.448,100.452,103.835,111.860
 "22660","Fort Collins, CO (Metropolitan Statistical Area)", ,MAIRPD,1,"...","Implicit regional price deflator ","Index",86.665,91.642,91.656,95.845,99.004,98.853,100.178,98.913,99.605,104.324,102.915,105.809,103.082,106.459,114.018,116.417
 "22900","Fort Smith, AR-OK (Metropolitan Statistical Area)", ,MAIRPD,1,"...","Implicit regional price deflator ","Index",80.392,78.200,81.032,83.020,84.480,85.792,88.131,86.132,87.275,88.697,87.728,90.822,90.953,95.320,99.675,102.492
 "23060","Fort Wayne, IN (Metropolitan Statistical Area)", ,MAIRPD,1,"...","Implicit regional price deflator ","Index",83.649,82.101,83.994,85.556,87.335,89.074,89.438,88.865,90.655,90.695,93.630,95.525,94.222,100.206,107.695,108.418
 "23420","Fresno, CA (Metropolitan Statistical Area)", ,MAIRPD,1,"...","Implicit regional price deflator ","Index",86.560,89.811,89.529,93.916,95.090,95.155,96.045,95.001,94.997,98.209,104.743,106.146,105.962,110.605,122.078,125.296
 "23460","Gadsden, AL (Metropolitan Statistical Area)", ,MAIRPD,1,"...","Implicit regional price deflator ","Index",77.124,78.536,79.268,82.399,82.823,84.782,86.739,85.828,87.214,87.284,87.768,89.227,89.144,92.018,95.500,104.852
 "23540","Gainesville, FL (Metropolitan Statistical Area)", ,MAIRPD,1,"...","Implicit regional price deflator ","Index",86.600,86.501,87.312,89.993,90.570,91.981,94.069,93.508,94.280,96.138,97.975,97.228,97.034,104.452,111.782,116.750
 "23580","Gainesville, GA (Metropolitan Statistical Area)", ,MAIRPD,1,"...","Implicit regional price deflator ","Index",82.371,79.358,84.103,86.368,87.589,88.862,90.283,89.674,89.745,92.027,96.383,95.578,98.988,102.482,112.432,115.789
 "23900","Gettysburg, PA (Metropolitan Statistical Area)", ,MAIRPD,1,"...","Implicit regional price deflator ","Index",87.802,87.021,88.871,89.597,89.861,93.415,93.285,95.017,97.739,98.067,98.624,99.889,100.996,103.886,110.770,111.724
 "24020","Glens Falls, NY (Metropolitan Statistical Area)", ,MAIRPD,1,"...","Implicit regional price deflator ","Index",88.010,89.395,89.532,90.433,92.091,95.845,91.483,95.493,95.424,97.846,97.437,98.889,99.364,103.937,107.427,112.721
 "24140","Goldsboro, NC (Metropolitan Statistical Area)", ,MAIRPD,1,"...","Implicit regional price deflator ","Index",80.725,80.146,82.467,85.197,85.018,88.856,88.486,89.304,92.492,91.243,92.369,92.697,89.396,98.088,103.670,108.118
 "24220","Grand Forks, ND-MN (Metropolitan Statistical Area)", ,MAIRPD,1,"...","Implicit regional price deflator ","Index",85.347,82.155,84.558,85.611,84.826,89.880,89.516,90.902,90.677,91.024,93.590,97.422,95.473,98.019,100.800,103.858
 "24260","Grand Island, NE (Metropolitan Statistical Area)", ,MAIRPD,1,"...","Implicit regional price deflator ","Index",72.922,73.142,79.772,82.850,80.364,83.379,81.007,85.031,86.301,83.335,89.961,93.146,94.741,97.127,100.695,105.143
 "24300","Grand Junction, CO (Metropolitan Statistical Area)", ,MAIRPD,1,"...","Implicit regional price deflator ","Index",92.559,87.971,88.322,92.504,92.310,92.293,96.054,95.953,97.190,99.511,95.889,102.002,99.599,100.495,108.862,111.009
 "24340","Grand Rapids-Kentwood, MI (Metropolitan Statistical Area)", ,MAIRPD,1,"...","Implicit regional price deflator ","Index",85.833,85.646,86.396,87.809,89.677,91.866,92.603,91.182,92.964,92.409,96.040,99.256,98.852,105.127,109.568,114.694
 "24420","Grants Pass, OR (Metropolitan Statistical Area)", ,MAIRPD,1,"...","Implicit regional price deflator ","Index",85.815,84.233,85.035,87.606,90.816,91.268,91.918,93.688,94.582,96.082,101.964,103.716,99.401,107.680,119.307,121.346
 "24500","Great Falls, MT (Metropolitan Statistical Area)", ,MAIRPD,1,"...","Implicit regional price deflator ","Index",75.999,79.350,76.907,85.204,87.238,88.051,89.442,87.626,86.502,90.132,93.643,91.960,91.030,94.722,105.853,111.570
 "24540","Greeley, CO (Metropolitan Statistical Area)", ,MAIRPD,1,"...","Implicit regional price deflator ","Index",90.128,88.505,89.445,92.019,95.178,96.597,98.423,97.762,98.414,99.725,99.919,104.291,102.021,103.822,110.136,115.656
 "24580","Green Bay, WI (Metropolitan Statistical Area)", ,MAIRPD,1,"...","Implicit regional price deflator ","Index",84.446,83.988,86.192,86.284,87.866,89.606,90.089,88.824,90.541,91.421,95.261,95.628,96.327,100.592,105.114,110.929
 "24660","Greensboro-High Point, NC (Metropolitan Statistical Area)", ,MAIRPD,1,"...","Implicit regional price deflator ","Index",82.523,80.969,84.016,86.980,88.249,89.356,91.097,91.139,91.077,92.408,94.085,93.447,93.526,101.087,107.329,111.672
 "24780","Greenville, NC (Metropolitan Statistical Area)", ,MAIRPD,1,"...","Implicit regional price deflator ","Index",80.203,78.595,83.084,85.392,87.538,87.765,88.912,87.580,90.742,90.986,89.608,92.486,91.561,97.557,102.252,110.385
 "24860","Greenville-Anderson, SC (Metropolitan Statistical Area)", ,MAIRPD,1,"...","Implicit regional price deflator ","Index",81.426,80.901,84.226,86.571,88.113,89.022,89.899,90.874,92.078,93.006,93.609,93.897,94.521,101.836,107.913,111.789
 "25060","Gulfport-Biloxi, MS (Metropolitan Statistical Area)", ,MAIRPD,1,"...","Implicit regional price deflator ","Index",84.977,81.273,84.429,87.236,89.138,88.843,91.525,88.856,90.911,91.933,89.117,92.267,93.377,96.939,103.254,107.652
 "25180","Hagerstown-Martinsburg, MD-WV (Metropolitan Statistical Area)", ,MAIRPD,1,"...","Implicit regional price deflator ","Index",89.320,89.625,87.824,92.890,93.923,95.897,96.532,98.046,97.946,98.616,95.959,96.543,97.375,103.888,108.506,114.646
 "25220","Hammond, LA (Metropolitan Statistical Area)", ,MAIRPD,1,"...","Implicit regional price deflator ","Index",78.914,77.070,82.245,82.514,81.788,83.910,84.211,86.116,86.234,87.698,90.536,92.264,90.983,96.752,103.618,105.442
 "25260","Hanford-Corcoran, CA (Metropolitan Statistical Area)", ,MAIRPD,1,"...","Implicit regional price deflator ","Index",89.891,87.033,86.722,92.525,90.813,91.691,91.909,96.334,95.410,96.022,103.799,101.480,104.409,107.345,118.792,118.581
 "25420","Harrisburg-Carlisle, PA (Metropolitan Statistical Area)", ,MAIRPD,1,"...","Implicit regional price deflator ","Index",88.334,88.613,88.995,90.643,91.745,94.722,92.962,95.999,96.553,99.445,99.728,100.092,100.569,105.992,111.281,116.304
 "25500","Harrisonburg, VA (Metropolitan Statistical Area)", ,MAIRPD,1,"...","Implicit regional price deflator ","Index",82.039,80.784,84.020,84.809,87.276,88.365,90.013,89.292,89.714,90.454,95.312,95.861,94.618,102.457,110.199,112.319
 "25540","Hartford-East Hartford-Middletown, CT (Metropolitan Statistical Area)", ,MAIRPD,1,"...","Implicit regional price deflator ","Index",93.326,93.242,93.244,95.055,96.851,97.755,97.879,100.526,101.232,103.647,104.536,106.487,108.711,111.042,121.619,123.585
 "25620","Hattiesburg, MS (Metropolitan Statistical Area)", ,MAIRPD,1,"...","Implicit regional price deflator ","Index",79.233,75.210,79.578,82.858,84.237,85.611,86.116,86.142,86.388,87.935,90.190,90.867,89.193,96.244,103.357,107.603
 "25860","Hickory-Lenoir-Morganton, NC (Metropolitan Statistical Area)", ,MAIRPD,1,"...","Implicit regional price deflator ","Index",80.220,80.288,82.145,85.651,85.940,85.689,88.572,87.095,89.330,90.811,90.460,90.033,91.023,97.090,103.874,107.503
 "25940","Hilton Head Island-Bluffton, SC (Metropolitan Statistical Area)", ,MAIRPD,1,"...","Implicit regional price deflator ","Index",84.745,82.290,86.738,86.244,88.373,91.605,92.111,92.598,94.287,92.081,97.911,101.153,97.911,107.998,115.293,115.255
 "25980","Hinesville, GA (Metropolitan Statistical Area)", ,MAIRPD,1,"...","Implicit regional price deflator ","Index",80.668,76.507,82.607,85.427,85.655,88.876,89.335,87.321,90.196,90.032,95.645,96.661,93.945,101.958,109.593,113.127
 "26140","Homosassa Springs, FL (Metropolitan Statistical Area)", ,MAIRPD,1,"...","Implicit regional price deflator ","Index",80.523,81.511,82.290,83.777,87.618,87.958,89.344,89.109,88.548,88.589,95.784,94.028,94.095,102.153,109.874,114.989
 "26300","Hot Springs, AR (Metropolitan Statistical Area)", ,MAIRPD,1,"...","Implicit regional price deflator ","Index",77.242,75.380,78.439,82.366,83.292,83.727,82.713,83.724,86.865,85.700,87.475,89.283,91.250,96.616,100.114,103.383
 "26380","Houma-Thibodaux, LA (Metropolitan Statistical Area)", ,MAIRPD,1,"...","Implicit regional price deflator ","Index",80.649,79.302,85.445,87.498,89.938,91.686,91.183,91.683,93.443,93.997,91.639,94.076,96.443,96.339,102.592,106.735
 "26420","Houston-The Woodlands-Sugar Land, TX (Metropolitan Statistical Area)", ,MAIRPD,1,"...","Implicit regional price deflator ","Index",88.674,89.399,91.374,91.491,94.496,96.751,99.183,100.259,100.578,99.906,103.790,104.979,104.674,108.642,114.743,120.756
 "26580","Huntington-Ashland, WV-KY-OH (Metropolitan Statistical Area)", ,MAIRPD,1,"...","Implicit regional price deflator ","Index",78.560,78.071,79.767,84.570,84.699,85.467,87.798,87.566,88.901,88.844,90.139,90.213,90.885,96.718,102.707,106.557
 "26620","Huntsville, AL (Metropolitan Statistical Area)", ,MAIRPD,1,"...","Implicit regional price deflator ","Index",82.090,81.005,83.721,87.033,88.838,89.635,89.994,90.145,91.920,94.002,91.657,94.415,94.875,99.668,107.783,113.740
 "26820","Idaho Falls, ID (Metropolitan Statistical Area)", ,MAIRPD,1,"...","Implicit regional price deflator ","Index",84.952,83.488,82.551,86.967,88.118,87.896,85.402,92.407,93.802,95.508,92.694,95.223,95.164,98.508,105.542,108.377
 "26900","Indianapolis-Carmel-Anderson, IN (Metropolitan Statistical Area)", ,MAIRPD,1,"...","Implicit regional price deflator ","Index",86.115,85.492,86.855,87.572,89.708,91.673,92.004,91.745,92.548,93.253,96.668,98.573,97.942,103.352,108.920,113.959
 "26980","Iowa City, IA (Metropolitan Statistical Area)", ,MAIRPD,1,"...","Implicit regional price deflator ","Index",85.444,84.522,88.081,89.413,91.251,93.075,94.866,92.570,93.901,94.715,96.794,99.083,99.994,101.285,106.022,110.647
 "27060","Ithaca, NY (Metropolitan Statistical Area)", ,MAIRPD,1,"...","Implicit regional price deflator ","Index",89.532,91.277,90.801,94.397,96.378,95.652,97.142,100.743,100.437,104.991,103.581,107.260,106.010,111.323,114.467,119.195
 "27100","Jackson, MI (Metropolitan Statistical Area)", ,MAIRPD,1,"...","Implicit regional price deflator ","Index",86.357,82.779,83.590,87.191,88.375,87.585,90.653,88.664,91.383,91.332,94.880,96.534,96.344,101.995,106.246,111.734
 "27140","Jackson, MS (Metropolitan Statistical Area)", ,MAIRPD,1,"...","Implicit regional price deflator ","Index",81.991,81.254,84.691,86.653,88.222,89.346,90.322,90.710,92.282,92.940,90.843,91.809,93.123,96.672,104.948,109.251
 "27180","Jackson, TN (Metropolitan Statistical Area)", ,MAIRPD,1,"...","Implicit regional price deflator ","Index",76.770,73.514,77.220,79.643,82.736,81.497,84.492,84.857,84.445,85.934,85.968,87.186,87.682,92.865,100.774,105.162
 "27260","Jacksonville, FL (Metropolitan Statistical Area)", ,MAIRPD,1,"...","Implicit regional price deflator ","Index",88.772,87.005,89.237,92.012,93.529,94.092,96.380,96.552,97.598,98.737,98.989,99.293,100.856,107.560,114.350,119.546
 "27340","Jacksonville, NC (Metropolitan Statistical Area)", ,MAIRPD,1,"...","Implicit regional price deflator ","Index",83.700,83.859,87.022,90.571,90.248,89.767,91.476,90.483,92.107,92.862,92.715,93.308,92.414,97.577,107.172,110.350
 "27500","Janesville-Beloit, WI (Metropolitan Statistical Area)", ,MAIRPD,1,"...","Implicit regional price deflator ","Index",84.311,84.242,87.173,87.986,89.811,90.418,92.695,90.324,91.253,92.489,95.866,97.439,95.803,101.371,106.629,110.121
 "27620","Jefferson City, MO (Metropolitan Statistical Area)", ,MAIRPD,1,"...","Implicit regional price deflator ","Index",72.576,75.336,79.491,81.174,85.066,84.649,84.384,84.451,84.377,82.552,91.133,94.319,93.067,96.068,101.031,105.647
 "27740","Johnson City, TN (Metropolitan Statistical Area)", ,MAIRPD,1,"...","Implicit regional price deflator ","Index",81.644,79.921,82.010,85.239,88.321,85.904,88.872,89.016,90.037,90.011,88.137,92.264,92.559,94.782,101.522,107.083
 "27780","Johnstown, PA (Metropolitan Statistical Area)", ,MAIRPD,1,"...","Implicit regional price deflator ","Index",80.991,80.982,81.988,82.542,82.121,84.896,86.625,86.251,87.210,90.787,91.151,90.102,91.581,93.812,101.453,106.110
 "27860","Jonesboro, AR (Metropolitan Statistical Area)", ,MAIRPD,1,"...","Implicit regional price deflator ","Index",75.066,72.746,75.955,79.159,81.081,81.459,83.041,83.184,83.297,85.472,86.388,88.434,89.431,94.454,100.394,103.244
 "27900","Joplin, MO (Metropolitan Statistical Area)", ,MAIRPD,1,"...","Implicit regional price deflator ","Index",81.694,80.248,81.481,83.648,85.692,86.894,87.855,87.636,87.495,87.975,89.593,92.679,92.193,95.864,98.523,103.198
 "27980","Kahului-Wailuku-Lahaina, HI (Metropolitan Statistical Area)", ,MAIRPD,1,"...","Implicit regional price deflator ","Index",95.926,89.925,94.048,97.320,97.065,102.664,99.839,106.091,101.102,104.835,111.313,113.148,116.691,121.099,126.316,128.057
 "28020","Kalamazoo-Portage, MI (Metropolitan Statistical Area)", ,MAIRPD,1,"...","Implicit regional price deflator ","Index",86.935,86.880,86.504,87.033,90.189,92.559,93.558,90.679,94.790,93.403,96.827,97.389,99.701,101.390,110.067,113.237
 "28100","Kankakee, IL (Metropolitan Statistical Area)", ,MAIRPD,1,"...","Implicit regional price deflator ","Index",88.603,87.320,89.773,92.833,93.792,94.388,94.863,93.906,95.968,98.313,95.377,97.681,94.769,100.180,107.004,111.221
 "28140","Kansas City, MO-KS (Metropolitan Statistical Area)", ,MAIRPD,1,"...","Implicit regional price deflator ","Index",82.946,84.347,86.809,89.582,91.517,91.742,94.276,95.914,95.558,96.832,96.209,98.303,99.455,102.018,106.840,112.378
 "28420","Kennewick-Richland, WA (Metropolitan Statistical Area)", ,MAIRPD,1,"...","Implicit regional price deflator ","Index",83.897,87.224,87.142,93.784,93.912,94.060,95.862,95.022,95.580,98.556,103.163,105.928,104.405,109.456,121.156,119.271
 "28660","Killeen-Temple, TX (Metropolitan Statistical Area)", ,MAIRPD,1,"...","Implicit regional price deflator ","Index",84.195,81.750,85.225,88.435,88.935,91.069,92.485,91.999,93.512,94.152,93.846,95.197,96.195,101.655,106.085,110.564
 "28700","Kingsport-Bristol, TN-VA (Metropolitan Statistical Area)", ,MAIRPD,1,"...","Implicit regional price deflator ","Index",79.851,78.557,79.578,83.325,84.955,84.778,85.805,86.799,87.384,88.769,86.849,89.610,87.276,93.201,100.125,102.844
 "28740","Kingston, NY (Metropolitan Statistical Area)", ,MAIRPD,1,"...","Implicit regional price deflator ","Index",95.780,92.874,93.183,94.328,96.543,99.235,99.510,99.786,99.596,103.003,102.915,105.091,106.265,108.828,115.246,119.250
 "28940","Knoxville, TN (Metropolitan Statistical Area)", ,MAIRPD,1,"...","Implicit regional price deflator ","Index",82.162,81.455,84.426,87.256,89.674,89.557,90.396,90.434,92.280,93.353,90.861,94.051,93.633,98.188,106.044,111.783
 "29020","Kokomo, IN (Metropolitan Statistical Area)", ,MAIRPD,1,"...","Implicit regional price deflator ","Index",82.382,81.744,83.958,82.633,85.758,88.184,88.794,86.598,86.285,87.582,90.961,93.414,92.565,98.759,100.786,108.040
 "29100","La Crosse-Onalaska, WI-MN (Metropolitan Statistical Area)", ,MAIRPD,1,"...","Implicit regional price deflator ","Index",85.568,86.570,86.934,87.792,89.357,89.469,93.580,91.854,93.035,93.111,96.563,97.206,93.686,103.361,105.931,109.998
 "29180","Lafayette, LA (Metropolitan Statistical Area)", ,MAIRPD,1,"...","Implicit regional price deflator ","Index",79.402,79.118,81.497,84.683,87.530,87.169,90.857,89.929,91.221,91.831,92.224,93.124,94.394,99.042,103.992,104.840
 "29200","Lafayette-West Lafayette, IN (Metropolitan Statistical Area)", ,MAIRPD,1,"...","Implicit regional price deflator ","Index",81.813,83.094,84.396,85.041,88.643,90.084,90.186,89.672,89.667,91.277,94.397,96.415,95.131,100.650,106.795,110.278
 "29340","Lake Charles, LA (Metropolitan Statistical Area)", ,MAIRPD,1,"...","Implicit regional price deflator ","Index",81.181,77.964,81.095,84.825,86.160,87.581,88.396,89.158,90.271,92.400,91.239,93.120,95.515,98.517,103.832,104.525
 "29420","Lake Havasu City-Kingman, AZ (Metropolitan Statistical Area)", ,MAIRPD,1,"...","Implicit regional price deflator ","Index",83.610,86.521,85.658,87.854,90.312,90.988,89.652,89.687,91.357,93.709,91.651,91.477,91.750,97.360,107.711,108.315
 "29460","Lakeland-Winter Haven, FL (Metropolitan Statistical Area)", ,MAIRPD,1,"...","Implicit regional price deflator ","Index",86.385,84.805,86.465,89.977,90.821,91.177,93.237,94.122,94.737,95.916,96.429,96.862,97.579,104.728,111.625,117.327
 "29540","Lancaster, PA (Metropolitan Statistical Area)", ,MAIRPD,1,"...","Implicit regional price deflator ","Index",89.403,89.132,88.917,90.258,92.493,95.267,94.677,96.854,97.747,101.136,100.144,100.352,102.388,105.556,112.072,116.039
 "29620","Lansing-East Lansing, MI (Metropolitan Statistical Area)", ,MAIRPD,1,"...","Implicit regional price deflator ","Index",86.110,85.330,87.966,87.473,90.086,91.859,92.652,90.432,92.466,93.295,96.151,98.154,97.884,102.322,109.169,111.871
 "29700","Laredo, TX (Metropolitan Statistical Area)", ,MAIRPD,1,"...","Implicit regional price deflator ","Index",81.601,79.989,82.289,85.377,87.369,87.723,90.568,91.484,92.021,90.645,92.492,93.956,95.922,97.559,104.556,105.775
 "29740","Las Cruces, NM (Metropolitan Statistical Area)", ,MAIRPD,1,"...","Implicit regional price deflator ","Index",82.136,83.532,84.145,88.044,89.584,90.798,91.005,90.303,89.124,92.702,89.608,94.532,91.361,93.804,100.717,107.656
 "29820","Las Vegas-Henderson-Paradise, NV (Metropolitan Statistical Area)", ,MAIRPD,1,"...","Implicit regional price deflator ","Index",90.588,92.653,91.770,95.566,96.754,95.971,96.747,96.135,95.801,100.154,98.275,102.476,102.303,103.974,112.009,117.360
 "29940","Lawrence, KS (Metropolitan Statistical Area)", ,MAIRPD,1,"...","Implicit regional price deflator ","Index",87.577,86.958,88.340,89.087,90.797,92.120,93.775,90.648,92.621,94.303,96.346,95.451,98.334,101.076,107.106,109.634
 "30020","Lawton, OK (Metropolitan Statistical Area)", ,MAIRPD,1,"...","Implicit regional price deflator ","Index",77.380,77.977,80.660,84.699,85.932,88.083,90.503,88.443,90.736,89.830,88.935,90.259,89.588,94.830,99.078,105.582
 "30140","Lebanon, PA (Metropolitan Statistical Area)", ,MAIRPD,1,"...","Implicit regional price deflator ","Index",88.379,87.416,87.360,86.513,90.509,90.142,93.096,93.287,94.853,98.064,98.587,97.873,99.251,104.379,107.880,114.865
 "30300","Lewiston, ID-WA (Metropolitan Statistical Area)", ,MAIRPD,1,"...","Implicit regional price deflator ","Index",83.846,83.237,84.806,87.313,83.473,87.538,89.005,90.232,89.903,89.848,89.534,92.768,90.067,94.586,98.800,105.071
 "30340","Lewiston-Auburn, ME (Metropolitan Statistical Area)", ,MAIRPD,1,"...","Implicit regional price deflator ","Index",87.284,92.045,89.815,91.756,93.415,91.214,90.264,94.687,95.028,95.969,101.418,99.791,104.280,102.277,117.586,120.622
 "30460","Lexington-Fayette, KY (Metropolitan Statistical Area)", ,MAIRPD,1,"...","Implicit regional price deflator ","Index",84.670,83.216,85.241,88.187,90.931,91.021,92.376,92.498,93.494,94.761,93.135,95.742,95.848,100.327,105.942,112.190
 "30620","Lima, OH (Metropolitan Statistical Area)", ,MAIRPD,1,"...","Implicit regional price deflator ","Index",82.878,80.853,83.933,83.313,86.418,87.002,88.958,86.835,87.047,87.422,90.794,92.934,93.460,96.694,103.875,105.532
 "30700","Lincoln, NE (Metropolitan Statistical Area)", ,MAIRPD,1,"...","Implicit regional price deflator ","Index",84.717,84.553,85.967,86.696,88.749,90.653,92.024,91.540,91.747,93.599,96.421,98.476,99.633,101.596,106.831,110.792
 "30780","Little Rock-North Little Rock-Conway, AR (Metropolitan Statistical Area)", ,MAIRPD,1,"...","Implicit regional price deflator ","Index",82.775,81.268,84.708,86.956,88.593,89.960,90.983,90.992,92.668,93.387,92.189,93.639,94.813,99.787,103.716,107.348
 "30860","Logan, UT-ID (Metropolitan Statistical Area)", ,MAIRPD,1,"...","Implicit regional price deflator ","Index",85.437,83.271,84.716,85.219,87.483,88.883,91.472,94.022,93.059,95.345,93.944,95.597,95.573,100.165,107.616,111.950
 "30980","Longview, TX (Metropolitan Statistical Area)", ,MAIRPD,1,"...","Implicit regional price deflator ","Index",82.192,80.916,83.777,86.515,89.170,89.206,90.685,91.084,92.575,92.072,92.693,95.359,96.640,100.697,100.530,106.534
 "31020","Longview, WA (Metropolitan Statistical Area)", ,MAIRPD,1,"...","Implicit regional price deflator ","Index",87.648,84.755,86.568,88.607,87.416,91.708,92.440,94.999,95.214,97.306,101.464,101.779,104.660,107.615,117.642,119.781
 "31080","Los Angeles-Long Beach-Anaheim, CA (Metropolitan Statistical Area)", ,MAIRPD,1,"...","Implicit regional price deflator ","Index",100.999,99.712,101.745,103.381,105.896,107.645,108.916,110.248,109.280,110.180,113.528,114.831,119.175,124.308,131.528,139.114
 "31140","Louisville/Jefferson County, KY-IN (Metropolitan Statistical Area)", ,MAIRPD,1,"...","Implicit regional price deflator ","Index",83.323,82.295,85.528,87.830,89.987,91.439,92.890,92.271,93.756,94.789,93.723,94.672,96.042,100.071,107.230,113.284
 "31180","Lubbock, TX (Metropolitan Statistical Area)", ,MAIRPD,1,"...","Implicit regional price deflator ","Index",85.119,83.547,86.877,88.831,90.487,91.911,92.842,94.053,94.811,95.457,94.304,96.627,99.014,102.092,106.301,109.489
 "31340","Lynchburg, VA (Metropolitan Statistical Area)", ,MAIRPD,1,"...","Implicit regional price deflator ","Index",80.333,78.166,80.693,85.951,86.065,88.753,88.717,90.632,90.031,91.585,91.357,92.041,92.081,99.253,105.575,108.784
 "31420","Macon-Bibb County, GA (Metropolitan Statistical Area)", ,MAIRPD,1,"...","Implicit regional price deflator ","Index",81.367,79.309,80.981,84.220,85.186,85.687,85.424,87.325,88.299,89.798,90.407,90.027,89.241,95.160,104.686,108.489
 "31460","Madera, CA (Metropolitan Statistical Area)", ,MAIRPD,1,"...","Implicit regional price deflator ","Index",87.274,89.571,86.885,89.593,93.401,91.444,92.973,93.476,91.224,97.549,102.748,101.494,98.493,109.006,119.621,124.044
 "31540","Madison, WI (Metropolitan Statistical Area)", ,MAIRPD,1,"...","Implicit regional price deflator ","Index",87.544,87.736,89.438,89.924,92.072,93.678,95.384,93.431,94.323,95.641,100.178,101.534,100.318,105.301,110.945,115.414
 "31700","Manchester-Nashua, NH (Metropolitan Statistical Area)", ,MAIRPD,1,"...","Implicit regional price deflator ","Index",97.355,92.832,94.503,97.177,98.456,97.687,101.333,102.073,106.139,107.271,105.489,107.850,109.642,111.305,125.527,126.605
 "31740","Manhattan, KS (Metropolitan Statistical Area)", ,MAIRPD,1,"...","Implicit regional price deflator ","Index",76.540,78.724,84.225,85.952,89.388,90.859,92.043,89.136,88.063,90.789,95.720,96.295,95.992,98.833,103.883,108.753
 "31860","Mankato, MN (Metropolitan Statistical Area)", ,MAIRPD,1,"...","Implicit regional price deflator ","Index",75.885,78.838,83.958,80.113,89.371,90.241,86.959,89.668,87.244,89.413,96.757,98.145,95.463,96.238,103.270,105.594
 "31900","Mansfield, OH (Metropolitan Statistical Area)", ,MAIRPD,1,"...","Implicit regional price deflator ","Index",82.358,79.595,82.297,84.165,86.028,84.014,86.524,86.525,87.671,87.705,87.429,92.332,93.059,96.182,101.800,104.364
 "32580","McAllen-Edinburg-Mission, TX (Metropolitan Statistical Area)", ,MAIRPD,1,"...","Implicit regional price deflator ","Index",77.410,76.722,79.347,81.638,84.261,84.521,86.528,86.994,88.246,89.271,88.578,89.868,92.117,95.079,100.568,103.086
 "32780","Medford, OR (Metropolitan Statistical Area)", ,MAIRPD,1,"...","Implicit regional price deflator ","Index",86.854,88.508,89.335,94.643,95.382,93.093,95.512,96.024,96.331,99.958,104.796,103.413,106.625,111.397,122.747,124.526
 "32820","Memphis, TN-MS-AR (Metropolitan Statistical Area)", ,MAIRPD,1,"...","Implicit regional price deflator ","Index",84.015,82.493,85.702,88.172,89.857,90.752,91.912,91.712,93.661,94.298,91.458,94.567,94.600,98.465,106.645,111.366
 "32900","Merced, CA (Metropolitan Statistical Area)", ,MAIRPD,1,"...","Implicit regional price deflator ","Index",84.024,87.445,87.488,91.352,93.202,93.959,93.278,93.070,93.628,98.209,103.313,104.792,103.334,109.263,119.483,119.909
 "33100","Miami-Fort Lauderdale-Pompano Beach, FL (Metropolitan Statistical Area)", ,MAIRPD,1,"...","Implicit regional price deflator ","Index",94.996,94.273,95.290,99.005,101.570,102.175,102.801,104.371,106.013,108.297,111.739,112.347,114.606,119.813,129.808,134.738
 "33140","Michigan City-La Porte, IN (Metropolitan Statistical Area)", ,MAIRPD,1,"...","Implicit regional price deflator ","Index",74.679,77.769,80.451,82.599,84.060,85.987,87.745,85.278,85.718,84.657,93.475,93.114,96.125,98.888,102.916,110.938
 "33220","Midland, MI (Metropolitan Statistical Area)", ,MAIRPD,1,"...","Implicit regional price deflator ","Index",83.970,83.527,83.750,86.049,88.105,89.455,90.264,88.610,90.514,89.357,94.606,95.688,92.867,99.673,102.424,109.123
 "33260","Midland, TX (Metropolitan Statistical Area)", ,MAIRPD,1,"...","Implicit regional price deflator ","Index",86.011,85.516,89.179,93.814,94.810,97.197,100.236,101.422,100.840,100.579,101.887,104.025,100.286,106.504,111.321,114.178
 "33340","Milwaukee-Waukesha, WI (Metropolitan Statistical Area)", ,MAIRPD,1,"...","Implicit regional price deflator ","Index",87.428,88.094,88.535,89.355,92.314,92.994,94.258,95.188,97.373,100.792,97.841,100.985,100.188,104.125,110.467,115.112
 "33460","Minneapolis-St. Paul-Bloomington, MN-WI (Metropolitan Statistical Area)", ,MAIRPD,1,"...","Implicit regional price deflator ","Index",91.716,93.250,92.577,95.137,95.678,97.742,100.561,100.013,100.646,102.247,106.811,106.333,107.138,112.706,119.175,125.924
 "33540","Missoula, MT (Metropolitan Statistical Area)", ,MAIRPD,1,"...","Implicit regional price deflator ","Index",87.418,86.087,87.925,90.900,88.781,90.967,93.230,93.141,94.160,97.895,94.546,99.144,98.259,103.114,104.646,112.185
 "33660","Mobile, AL (Metropolitan Statistical Area)", ,MAIRPD,1,"...","Implicit regional price deflator ","Index",80.231,79.385,81.315,84.993,87.523,87.932,90.560,88.644,90.296,91.816,89.282,91.194,91.115,95.600,101.668,107.741
 "33700","Modesto, CA (Metropolitan Statistical Area)", ,MAIRPD,1,"...","Implicit regional price deflator ","Index",87.987,91.112,90.829,94.513,96.504,96.388,96.390,95.938,96.031,99.807,106.767,108.270,107.949,112.181,122.983,126.470
 "33740","Monroe, LA (Metropolitan Statistical Area)", ,MAIRPD,1,"...","Implicit regional price deflator ","Index",77.436,75.354,80.522,81.645,82.067,83.657,85.878,83.158,85.012,87.492,88.537,89.149,87.442,94.616,100.829,100.732
 "33780","Monroe, MI (Metropolitan Statistical Area)", ,MAIRPD,1,"...","Implicit regional price deflator ","Index",85.777,85.713,88.384,91.112,88.979,91.380,93.926,92.968,91.344,93.423,97.232,96.872,97.854,100.268,108.354,112.315
 "33860","Montgomery, AL (Metropolitan Statistical Area)", ,MAIRPD,1,"...","Implicit regional price deflator ","Index",81.418,80.675,83.566,84.543,88.171,87.537,88.065,88.175,91.490,92.801,90.233,91.870,91.578,96.438,104.306,109.354
 "34060","Morgantown, WV (Metropolitan Statistical Area)", ,MAIRPD,1,"...","Implicit regional price deflator ","Index",79.689,77.708,83.903,87.014,86.731,89.121,87.272,93.216,92.761,90.171,95.993,94.786,96.164,104.412,107.281,111.183
 "34100","Morristown, TN (Metropolitan Statistical Area)", ,MAIRPD,1,"...","Implicit regional price deflator ","Index",76.742,73.309,78.159,81.610,83.524,84.445,84.105,84.683,83.943,86.588,87.707,89.863,87.950,91.896,101.772,105.685
 "34580","Mount Vernon-Anacortes, WA (Metropolitan Statistical Area)", ,MAIRPD,1,"...","Implicit regional price deflator ","Index",91.909,89.950,90.534,92.824,93.271,94.676,94.100,98.641,99.721,101.849,106.272,105.284,106.876,109.325,122.742,127.742
 "34620","Muncie, IN (Metropolitan Statistical Area)", ,MAIRPD,1,"...","Implicit regional price deflator ","Index",83.727,81.311,83.003,84.731,85.629,88.239,87.381,85.943,87.116,89.020,92.792,91.560,91.204,96.944,102.413,106.998
 "34740","Muskegon, MI (Metropolitan Statistical Area)", ,MAIRPD,1,"...","Implicit regional price deflator ","Index",83.117,83.522,84.752,84.824,85.826,86.862,90.065,84.952,88.863,89.875,93.617,96.704,97.716,100.189,106.651,110.470
 "34820","Myrtle Beach-Conway-North Myrtle Beach, SC-NC (Metropolitan Statistical Area)", ,MAIRPD,1,"...","Implicit regional price deflator ","Index",83.969,83.093,85.091,87.836,89.274,89.110,91.308,90.993,93.267,93.389,94.068,95.421,96.902,103.271,109.270,111.838
 "34900","Napa, CA (Metropolitan Statistical Area)", ,MAIRPD,1,"...","Implicit regional price deflator ","Index",102.671,102.236,101.953,103.771,105.520,108.251,111.472,112.052,115.596,121.381,118.334,116.522,117.438,122.531,131.100,134.673
 "34940","Naples-Marco Island, FL (Metropolitan Statistical Area)", ,MAIRPD,1,"...","Implicit regional price deflator ","Index",92.978,90.277,92.508,92.671,96.044,97.080,98.431,99.903,101.964,104.315,102.803,104.165,103.702,111.380,119.247,127.493
 "34980","Nashville-Davidson--Murfreesboro--Franklin, TN (Metropolitan Statistical Area)", ,MAIRPD,1,"...","Implicit regional price deflator ","Index",85.426,84.728,87.557,90.124,92.086,93.503,94.530,94.678,97.681,98.620,95.958,99.189,100.446,103.822,112.166,117.394
 "35100","New Bern, NC (Metropolitan Statistical Area)", ,MAIRPD,1,"...","Implicit regional price deflator ","Index",77.283,77.234,78.879,82.886,85.706,86.573,85.836,88.913,87.582,85.840,90.989,92.137,92.305,99.322,105.329,108.375
 "35300","New Haven-Milford, CT (Metropolitan Statistical Area)", ,MAIRPD,1,"...","Implicit regional price deflator ","Index",101.650,101.404,98.437,103.230,104.352,105.311,106.524,106.145,106.715,108.714,105.296,106.863,108.452,110.500,122.107,124.711
 "35380","New Orleans-Metairie, LA (Metropolitan Statistical Area)", ,MAIRPD,1,"...","Implicit regional price deflator ","Index",87.270,85.393,88.019,90.530,92.470,93.556,94.723,94.280,96.571,97.083,95.780,98.244,100.187,102.789,108.664,109.823
 "35620","New York-Newark-Jersey City, NY-NJ-PA (Metropolitan Statistical Area)", ,MAIRPD,1,"...","Implicit regional price deflator ","Index",101.126,102.129,102.712,106.413,107.640,108.645,110.020,110.169,111.735,113.481,116.970,118.885,120.889,125.138,131.213,135.520
 "35660","Niles, MI (Metropolitan Statistical Area)", ,MAIRPD,1,"...","Implicit regional price deflator ","Index",84.108,81.502,83.717,85.348,86.270,86.889,89.311,88.672,89.689,89.647,90.962,90.445,94.508,100.206,102.294,108.053
 "35840","North Port-Sarasota-Bradenton, FL (Metropolitan Statistical Area)", ,MAIRPD,1,"...","Implicit regional price deflator ","Index",90.309,89.147,90.597,93.045,95.381,95.632,98.179,98.359,99.752,102.164,103.027,103.498,104.252,108.190,117.953,124.871
 "35980","Norwich-New London, CT (Metropolitan Statistical Area)", ,MAIRPD,1,"...","Implicit regional price deflator ","Index",93.333,93.447,92.488,94.878,96.506,98.090,95.573,99.529,101.234,102.603,104.132,106.484,107.215,109.095,120.472,120.997
 "36100","Ocala, FL (Metropolitan Statistical Area)", ,MAIRPD,1,"...","Implicit regional price deflator ","Index",85.830,84.758,85.151,88.285,89.594,89.524,91.183,90.802,93.180,94.362,95.170,95.112,95.432,102.275,109.056,115.077
 "36140","Ocean City, NJ (Metropolitan Statistical Area)", ,MAIRPD,1,"...","Implicit regional price deflator ","Index",100.903,95.568,101.952,99.455,97.211,97.100,102.094,100.663,101.343,106.982,104.619,101.623,106.810,102.641,119.705,122.263
 "36220","Odessa, TX (Metropolitan Statistical Area)", ,MAIRPD,1,"...","Implicit regional price deflator ","Index",85.931,83.697,87.106,91.483,92.545,95.718,98.302,96.620,97.338,98.436,98.929,101.515,103.762,105.004,109.170,110.920
 "36260","Ogden-Clearfield, UT (Metropolitan Statistical Area)", ,MAIRPD,1,"...","Implicit regional price deflator ","Index",84.794,88.113,88.320,92.847,94.940,93.955,95.581,93.099,94.589,97.514,97.720,101.148,99.820,102.048,109.484,114.625
 "36420","Oklahoma City, OK (Metropolitan Statistical Area)", ,MAIRPD,1,"...","Implicit regional price deflator ","Index",82.741,81.479,85.081,87.420,89.583,90.663,92.343,91.731,93.146,94.443,93.952,95.131,96.959,100.758,106.049,109.620
 "36500","Olympia-Lacey-Tumwater, WA (Metropolitan Statistical Area)", ,MAIRPD,1,"...","Implicit regional price deflator ","Index",93.952,92.535,93.046,97.388,95.733,97.583,101.697,101.195,104.229,107.465,107.159,108.141,106.635,112.778,124.758,128.296
 "36540","Omaha-Council Bluffs, NE-IA (Metropolitan Statistical Area)", ,MAIRPD,1,"...","Implicit regional price deflator ","Index",85.685,85.587,86.771,87.503,90.532,91.140,92.888,91.700,93.043,94.054,96.179,98.240,99.367,102.199,106.865,111.477
 "36740","Orlando-Kissimmee-Sanford, FL (Metropolitan Statistical Area)", ,MAIRPD,1,"...","Implicit regional price deflator ","Index",90.357,88.381,90.232,93.101,94.453,95.531,97.362,97.458,99.056,100.530,100.877,101.626,103.043,108.766,116.709,121.828
 "36780","Oshkosh-Neenah, WI (Metropolitan Statistical Area)", ,MAIRPD,1,"...","Implicit regional price deflator ","Index",86.655,84.196,86.206,87.470,89.316,91.159,90.607,90.551,91.484,91.968,94.184,95.733,96.908,100.834,106.026,109.276
 "36980","Owensboro, KY (Metropolitan Statistical Area)", ,MAIRPD,1,"...","Implicit regional price deflator ","Index",78.886,78.376,81.268,84.913,88.372,88.182,89.270,89.628,90.281,93.374,89.812,92.426,93.174,95.405,102.571,108.482
 "37100","Oxnard-Thousand Oaks-Ventura, CA (Metropolitan Statistical Area)", ,MAIRPD,1,"...","Implicit regional price deflator ","Index",97.680,98.131,98.959,101.706,104.362,106.489,109.829,110.080,109.155,108.050,116.438,116.407,116.510,121.428,132.809,136.722
 "37340","Palm Bay-Melbourne-Titusville, FL (Metropolitan Statistical Area)", ,MAIRPD,1,"...","Implicit regional price deflator ","Index",89.082,86.382,89.160,91.506,92.628,92.950,96.060,96.890,97.090,99.416,100.353,100.000,101.274,107.812,115.395,121.501
 "37460","Panama City, FL (Metropolitan Statistical Area)", ,MAIRPD,1,"...","Implicit regional price deflator ","Index",87.544,85.226,88.108,91.330,91.809,90.394,92.655,92.534,93.951,94.510,96.187,97.926,98.942,105.457,113.191,118.057
 "37620","Parkersburg-Vienna, WV (Metropolitan Statistical Area)", ,MAIRPD,1,"...","Implicit regional price deflator ","Index",77.579,76.699,78.713,82.121,86.586,87.834,87.969,90.140,91.061,91.255,91.492,91.121,90.153,97.736,101.197,106.296
 "37860","Pensacola-Ferry Pass-Brent, FL (Metropolitan Statistical Area)", ,MAIRPD,1,"...","Implicit regional price deflator ","Index",85.943,84.674,86.987,91.577,91.997,92.173,94.104,94.591,95.745,96.631,97.233,97.246,97.622,104.348,110.726,115.141
 "37900","Peoria, IL (Metropolitan Statistical Area)", ,MAIRPD,1,"...","Implicit regional price deflator ","Index",82.972,83.083,83.669,85.063,87.343,88.490,90.491,89.541,88.686,89.160,93.375,95.252,94.050,98.282,104.386,106.776
 "37980","Philadelphia-Camden-Wilmington, PA-NJ-DE-MD (Metropolitan Statistical Area)", ,MAIRPD,1,"...","Implicit regional price deflator ","Index",95.073,95.851,96.343,97.718,98.162,97.501,99.463,99.490,100.807,104.007,105.270,107.314,107.047,107.934,116.854,124.765
 "38060","Phoenix-Mesa-Chandler, AZ (Metropolitan Statistical Area)", ,MAIRPD,1,"...","Implicit regional price deflator ","Index",94.246,93.735,92.915,93.084,93.294,95.262,96.267,96.058,98.654,98.850,101.634,103.531,107.558,107.985,120.573,127.147
 "38220","Pine Bluff, AR (Metropolitan Statistical Area)", ,MAIRPD,1,"...","Implicit regional price deflator ","Index",76.248,76.123,79.144,80.498,83.282,84.201,84.174,83.264,85.892,84.610,84.647,87.439,87.722,95.101,94.492,96.785
 "38300","Pittsburgh, PA (Metropolitan Statistical Area)", ,MAIRPD,1,"...","Implicit regional price deflator ","Index",82.258,82.729,85.613,88.151,90.462,90.537,91.744,92.520,92.425,95.028,97.574,98.841,100.061,103.361,108.915,113.795
 "38340","Pittsfield, MA (Metropolitan Statistical Area)", ,MAIRPD,1,"...","Implicit regional price deflator ","Index",89.021,88.385,89.308,88.520,92.503,92.122,94.100,97.932,98.900,100.813,102.541,102.737,104.089,104.620,116.103,112.017
 "38540","Pocatello, ID (Metropolitan Statistical Area)", ,MAIRPD,1,"...","Implicit regional price deflator ","Index",83.933,79.305,81.708,81.697,86.077,87.827,86.997,92.067,87.437,92.055,90.873,90.957,93.106,96.481,101.373,105.733
 "38860","Portland-South Portland, ME (Metropolitan Statistical Area)", ,MAIRPD,1,"...","Implicit regional price deflator ","Index",91.503,91.838,91.466,91.597,95.790,98.759,91.837,97.293,100.610,102.279,104.028,100.992,107.368,110.979,121.677,124.825
 "38900","Portland-Vancouver-Hillsboro, OR-WA (Metropolitan Statistical Area)", ,MAIRPD,1,"...","Implicit regional price deflator ","Index",88.228,90.885,91.701,94.487,98.599,98.654,99.196,100.911,99.798,103.716,109.538,110.182,110.749,114.854,126.338,128.462
 "38940","Port St. Lucie, FL (Metropolitan Statistical Area)", ,MAIRPD,1,"...","Implicit regional price deflator ","Index",90.121,87.666,89.443,91.758,93.728,94.221,96.975,97.013,98.753,99.264,101.043,97.701,103.197,107.348,114.157,122.509
 "39100","Poughkeepsie-Newburgh-Middletown, NY (Metropolitan Statistical Area) *", ,MAIRPD,1,"...","Implicit regional price deflator ","Index",(NA),(NA),(NA),(NA),(NA),(NA),(NA),(NA),108.075,109.570,113.068,115.802,114.766,120.206,127.685,132.213
 "39150","Prescott Valley-Prescott, AZ (Metropolitan Statistical Area)", ,MAIRPD,1,"...","Implicit regional price deflator ","Index",91.873,87.883,88.566,90.745,91.290,93.680,93.645,97.611,96.933,99.584,95.544,99.257,97.514,102.378,107.556,114.498
 "39300","Providence-Warwick, RI-MA (Metropolitan Statistical Area)", ,MAIRPD,1,"...","Implicit regional price deflator ","Index",92.652,92.521,92.292,94.132,94.911,97.357,97.732,99.637,100.280,103.077,103.537,105.448,106.377,110.405,120.261,121.530
 "39340","Provo-Orem, UT (Metropolitan Statistical Area)", ,MAIRPD,1,"...","Implicit regional price deflator ","Index",86.608,90.937,89.539,93.593,94.905,95.731,95.272,95.132,95.346,99.232,98.604,101.703,99.206,104.398,110.182,114.494
 "39380","Pueblo, CO (Metropolitan Statistical Area)", ,MAIRPD,1,"...","Implicit regional price deflator ","Index",81.451,84.498,84.615,89.235,90.928,90.279,89.414,90.119,91.532,94.287,92.800,95.824,94.330,98.810,104.974,111.330
 "39460","Punta Gorda, FL (Metropolitan Statistical Area)", ,MAIRPD,1,"...","Implicit regional price deflator ","Index",86.947,84.630,87.738,89.642,92.506,91.435,94.059,95.160,97.028,98.833,99.144,99.030,103.446,104.881,111.342,118.608
 "39540","Racine, WI (Metropolitan Statistical Area)", ,MAIRPD,1,"...","Implicit regional price deflator ","Index",86.188,86.016,85.880,86.794,89.337,91.084,92.642,94.096,92.989,98.482,95.560,97.550,98.233,100.417,105.530,114.512
 "39580","Raleigh-Cary, NC (Metropolitan Statistical Area)", ,MAIRPD,1,"...","Implicit regional price deflator ","Index",86.475,85.254,87.915,91.162,92.640,93.776,95.521,95.582,97.524,98.421,98.867,98.945,99.832,106.388,114.143,118.069
 "39660","Rapid City, SD (Metropolitan Statistical Area)", ,MAIRPD,1,"...","Implicit regional price deflator ","Index",81.587,81.120,84.159,81.319,89.525,89.673,89.287,87.606,88.601,89.527,93.915,95.663,98.548,100.196,105.272,108.821
 "39740","Reading, PA (Metropolitan Statistical Area)", ,MAIRPD,1,"...","Implicit regional price deflator ","Index",88.392,88.422,88.928,90.661,92.475,95.684,94.588,95.570,97.073,99.061,100.352,100.739,100.460,104.648,111.751,115.695
 "39820","Redding, CA (Metropolitan Statistical Area)", ,MAIRPD,1,"...","Implicit regional price deflator ","Index",86.784,89.852,90.325,94.277,96.737,93.988,97.051,95.272,94.684,98.955,104.891,105.766,104.219,108.234,120.390,123.909
 "39900","Reno, NV (Metropolitan Statistical Area)", ,MAIRPD,1,"...","Implicit regional price deflator ","Index",90.459,92.361,91.992,95.959,97.711,97.029,97.220,96.694,96.673,100.769,99.795,103.854,103.134,105.932,114.054,117.416
 "40060","Richmond, VA (Metropolitan Statistical Area)", ,MAIRPD,1,"...","Implicit regional price deflator ","Index",87.435,86.614,89.138,92.204,93.191,94.115,95.675,96.181,97.598,97.814,99.131,98.531,100.347,106.797,113.343,118.067
 "40140","Riverside-San Bernardino-Ontario, CA (Metropolitan Statistical Area)", ,MAIRPD,1,"...","Implicit regional price deflator ","Index",94.832,94.338,95.094,97.004,98.735,101.164,103.968,104.160,103.737,102.720,108.023,109.312,109.219,114.908,123.854,130.045
 "40220","Roanoke, VA (Metropolitan Statistical Area)", ,MAIRPD,1,"...","Implicit regional price deflator ","Index",82.335,81.906,85.231,84.714,87.997,89.205,90.455,89.342,90.380,91.204,93.747,94.200,94.426,102.118,107.161,109.580
 "40340","Rochester, MN (Metropolitan Statistical Area)", ,MAIRPD,1,"...","Implicit regional price deflator ","Index",84.950,85.033,82.626,86.930,89.365,90.005,93.198,91.141,91.369,92.850,95.042,98.015,101.179,100.182,106.860,112.194
 "40380","Rochester, NY (Metropolitan Statistical Area)", ,MAIRPD,1,"...","Implicit regional price deflator ","Index",90.051,89.764,89.723,91.253,93.086,95.442,95.285,97.171,98.150,100.943,100.934,101.090,101.769,106.152,110.556,117.680
 "40420","Rockford, IL (Metropolitan Statistical Area)", ,MAIRPD,1,"...","Implicit regional price deflator ","Index",86.293,86.007,84.390,87.081,88.786,89.225,90.708,90.101,91.786,91.009,92.876,96.101,96.006,101.570,105.313,108.523
 "40580","Rocky Mount, NC (Metropolitan Statistical Area)", ,MAIRPD,1,"...","Implicit regional price deflator ","Index",79.049,78.656,81.151,84.619,84.197,86.045,86.488,88.213,86.295,89.853,87.982,86.911,87.717,95.519,101.412,106.318
 "40660","Rome, GA (Metropolitan Statistical Area)", ,MAIRPD,1,"...","Implicit regional price deflator ","Index",78.399,76.150,79.858,80.382,81.505,83.640,85.488,85.772,86.756,85.900,90.487,90.881,90.344,99.056,105.438,108.711
 "40900","Sacramento-Roseville-Folsom, CA (Metropolitan Statistical Area)", ,MAIRPD,1,"...","Implicit regional price deflator ","Index",90.292,93.486,92.988,97.388,99.131,98.880,100.075,98.479,99.301,103.478,111.250,111.176,111.927,115.790,127.555,131.200
 "40980","Saginaw, MI (Metropolitan Statistical Area)", ,MAIRPD,1,"...","Implicit regional price deflator ","Index",83.416,82.452,83.474,85.829,85.970,88.432,87.928,87.895,89.164,89.483,92.714,93.317,93.046,99.129,101.181,107.550
 "41060","St. Cloud, MN (Metropolitan Statistical Area)", ,MAIRPD,1,"...","Implicit regional price deflator ","Index",86.855,82.485,85.939,87.156,89.992,91.301,91.848,90.996,92.172,90.642,94.963,97.965,95.720,95.295,106.548,107.639
 "41100","St. George, UT (Metropolitan Statistical Area)", ,MAIRPD,1,"...","Implicit regional price deflator ","Index",87.906,83.332,85.575,87.099,91.176,91.078,91.603,95.635,97.485,99.094,96.673,98.781,100.308,102.609,110.169,115.747
 "41140","St. Joseph, MO-KS (Metropolitan Statistical Area)", ,MAIRPD,1,"...","Implicit regional price deflator ","Index",82.595,82.436,82.711,83.844,86.034,88.127,87.575,87.614,87.252,88.159,91.516,91.751,91.827,96.809,101.116,105.795
 "41180","St. Louis, MO-IL (Metropolitan Statistical Area)", ,MAIRPD,1,"...","Implicit regional price deflator ","Index",81.255,82.979,87.814,89.399,89.354,91.591,94.084,92.004,92.866,95.617,96.314,98.417,99.615,104.907,112.231,116.047
 "41420","Salem, OR (Metropolitan Statistical Area)", ,MAIRPD,1,"...","Implicit regional price deflator ","Index",84.102,87.980,89.306,91.082,95.521,95.126,94.882,96.291,95.452,99.058,104.542,105.418,105.620,111.118,121.674,123.396
 "41500","Salinas, CA (Metropolitan Statistical Area)", ,MAIRPD,1,"...","Implicit regional price deflator ","Index",93.282,95.765,96.673,101.524,104.053,104.278,103.475,103.118,102.920,107.682,114.539,115.393,115.379,119.046,131.237,136.141
 "41540","Salisbury, MD-DE (Metropolitan Statistical Area)", ,MAIRPD,1,"...","Implicit regional price deflator ","Index",83.400,80.908,85.100,85.656,86.662,90.073,92.759,91.101,88.566,90.326,96.978,95.570,95.021,102.333,110.545,114.611
 "41620","Salt Lake City, UT (Metropolitan Statistical Area)", ,MAIRPD,1,"...","Implicit regional price deflator ","Index",87.796,90.681,89.770,95.273,96.584,96.667,97.385,96.461,96.600,100.462,99.807,103.151,101.787,104.843,111.269,116.159
 "41660","San Angelo, TX (Metropolitan Statistical Area)", ,MAIRPD,1,"...","Implicit regional price deflator ","Index",81.565,82.833,84.121,87.131,90.712,91.227,93.905,94.735,94.617,95.091,96.081,97.001,99.393,99.937,107.396,109.489
 "41700","San Antonio-New Braunfels, TX (Metropolitan Statistical Area)", ,MAIRPD,1,"...","Implicit regional price deflator ","Index",85.650,84.531,87.167,89.621,92.063,93.286,94.869,94.791,96.552,97.159,97.519,99.108,101.286,104.832,110.278,112.933
 "41740","San Diego-Chula Vista-Carlsbad, CA (Metropolitan Statistical Area)", ,MAIRPD,1,"...","Implicit regional price deflator ","Index",101.523,101.932,102.445,105.900,106.660,106.944,107.679,109.251,111.637,112.202,114.781,117.472,120.481,125.336,133.042,134.337
 "41860","San Francisco-Oakland-Berkeley, CA (Metropolitan Statistical Area)", ,MAIRPD,1,"...","Implicit regional price deflator ","Index",106.092,102.335,103.034,104.269,106.365,108.166,110.746,112.576,114.233,121.465,124.742,123.912,125.125,130.774,137.065,142.450
 "41940","San Jose-Sunnyvale-Santa Clara, CA (Metropolitan Statistical Area)", ,MAIRPD,1,"...","Implicit regional price deflator ","Index",106.278,102.941,103.128,104.598,107.176,109.261,112.265,113.923,115.540,122.740,116.940,116.889,118.742,121.612,133.780,135.995
 "42020","San Luis Obispo-Paso Robles, CA (Metropolitan Statistical Area)", ,MAIRPD,1,"...","Implicit regional price deflator ","Index",93.678,97.127,96.333,101.801,101.373,102.109,102.991,102.438,103.131,108.173,113.729,114.047,116.524,118.343,130.737,133.527
 "42100","Santa Cruz-Watsonville, CA (Metropolitan Statistical Area)", ,MAIRPD,1,"...","Implicit regional price deflator ","Index",106.742,101.165,103.006,103.646,106.168,106.672,110.473,112.072,112.985,120.726,113.694,114.599,116.894,118.851,133.159,135.661
 "42140","Santa Fe, NM (Metropolitan Statistical Area)", ,MAIRPD,1,"...","Implicit regional price deflator ","Index",87.368,90.716,90.646,95.761,96.532,95.915,98.678,96.030,96.741,98.714,98.126,100.299,101.105,101.705,110.204,112.502
 "42200","Santa Maria-Santa Barbara, CA (Metropolitan Statistical Area)", ,MAIRPD,1,"...","Implicit regional price deflator ","Index",95.832,98.554,97.719,102.654,104.028,102.084,104.395,103.182,104.675,108.718,115.179,114.763,117.176,121.820,132.302,136.743
 "42220","Santa Rosa-Petaluma, CA (Metropolitan Statistical Area)", ,MAIRPD,1,"...","Implicit regional price deflator ","Index",105.213,100.786,102.794,102.450,106.156,106.819,109.948,111.447,112.927,120.166,115.546,115.398,116.563,119.702,130.590,132.642
 "42340","Savannah, GA (Metropolitan Statistical Area)", ,MAIRPD,1,"...","Implicit regional price deflator ","Index",85.372,84.387,87.087,90.782,92.529,92.232,93.726,93.495,95.405,96.308,97.110,97.433,96.658,104.001,111.611,115.153
 "42540","Scranton--Wilkes-Barre, PA (Metropolitan Statistical Area)", ,MAIRPD,1,"...","Implicit regional price deflator ","Index",84.868,85.444,85.297,87.936,88.894,90.691,88.946,92.948,93.263,95.221,94.765,96.106,97.372,101.404,106.643,112.018
 "42660","Seattle-Tacoma-Bellevue, WA (Metropolitan Statistical Area)", ,MAIRPD,1,"...","Implicit regional price deflator ","Index",97.291,96.438,96.198,98.415,99.515,100.718,104.328,104.948,108.283,112.727,112.605,116.406,118.284,124.660,132.422,136.144
 "42680","Sebastian-Vero Beach, FL (Metropolitan Statistical Area)", ,MAIRPD,1,"...","Implicit regional price deflator ","Index",83.286,80.344,85.905,85.344,87.784,90.914,90.347,89.337,92.580,92.106,95.994,97.578,99.652,106.924,110.666,116.779
 "42700","Sebring-Avon Park, FL (Metropolitan Statistical Area)", ,MAIRPD,1,"...","Implicit regional price deflator ","Index",78.701,78.754,81.417,82.966,84.192,86.768,86.357,86.846,87.718,88.324,92.046,93.146,92.294,97.940,104.325,109.982
 "43100","Sheboygan, WI (Metropolitan Statistical Area)", ,MAIRPD,1,"...","Implicit regional price deflator ","Index",85.418,84.641,85.781,89.015,87.985,90.478,90.594,90.771,91.816,93.039,93.897,95.826,97.578,101.616,104.058,109.363
 "43300","Sherman-Denison, TX (Metropolitan Statistical Area)", ,MAIRPD,1,"...","Implicit regional price deflator ","Index",81.463,81.608,85.771,86.506,89.044,89.385,91.583,90.779,93.743,95.266,94.509,95.616,96.673,101.186,107.323,110.616
 "43340","Shreveport-Bossier City, LA (Metropolitan Statistical Area)", ,MAIRPD,1,"...","Implicit regional price deflator ","Index",81.045,80.028,81.951,86.789,88.322,88.077,91.389,90.651,91.143,90.593,91.789,92.999,92.994,98.606,103.075,104.982
 "43420","Sierra Vista-Douglas, AZ (Metropolitan Statistical Area)", ,MAIRPD,1,"...","Implicit regional price deflator ","Index",83.681,82.829,83.127,85.523,88.434,88.605,89.730,91.613,91.381,93.896,91.415,94.230,92.585,95.657,102.191,104.439
 "43580","Sioux City, IA-NE-SD (Metropolitan Statistical Area)", ,MAIRPD,1,"...","Implicit regional price deflator ","Index",81.072,80.410,83.370,83.795,85.992,86.784,87.622,87.132,88.538,89.423,93.283,95.455,94.605,98.254,101.872,106.210
 "43620","Sioux Falls, SD (Metropolitan Statistical Area)", ,MAIRPD,1,"...","Implicit regional price deflator ","Index",84.777,82.935,86.934,87.106,89.227,90.293,92.077,90.978,92.233,91.632,97.131,98.794,98.387,101.517,104.740,108.781
 "43780","South Bend-Mishawaka, IN-MI (Metropolitan Statistical Area)", ,MAIRPD,1,"...","Implicit regional price deflator ","Index",82.456,82.995,84.115,85.670,85.535,88.453,89.365,88.137,89.878,88.577,93.678,95.288,95.772,99.900,107.171,110.147
 "43900","Spartanburg, SC (Metropolitan Statistical Area)", ,MAIRPD,1,"...","Implicit regional price deflator ","Index",82.408,81.530,82.371,86.312,87.744,87.732,90.498,90.159,92.449,93.112,91.988,93.092,93.238,100.903,106.037,109.223
 "44060","Spokane-Spokane Valley, WA (Metropolitan Statistical Area)", ,MAIRPD,1,"...","Implicit regional price deflator ","Index",84.876,87.223,87.512,90.036,92.544,93.351,93.843,93.532,94.383,97.014,102.396,102.853,103.156,107.522,119.044,121.734
 "44100","Springfield, IL (Metropolitan Statistical Area)", ,MAIRPD,1,"...","Implicit regional price deflator ","Index",84.833,83.343,84.693,85.375,88.240,89.453,90.235,89.748,90.826,90.671,94.918,94.988,95.106,99.815,104.174,109.104
 "44140","Springfield, MA (Metropolitan Statistical Area)", ,MAIRPD,1,"...","Implicit regional price deflator ","Index",88.974,91.343,89.088,91.432,93.053,96.598,96.089,98.247,97.956,100.123,100.576,101.215,104.746,106.722,115.016,118.590
 "44180","Springfield, MO (Metropolitan Statistical Area)", ,MAIRPD,1,"...","Implicit regional price deflator ","Index",81.855,82.014,83.356,83.976,85.837,87.592,87.328,87.912,88.095,88.324,91.684,93.326,92.570,97.082,100.679,107.565
 "44220","Springfield, OH (Metropolitan Statistical Area)", ,MAIRPD,1,"...","Implicit regional price deflator ","Index",82.158,82.894,83.332,85.400,86.837,87.081,89.403,88.059,89.035,88.929,92.313,94.773,93.444,94.608,103.022,106.836
 "44300","State College, PA (Metropolitan Statistical Area)", ,MAIRPD,1,"...","Implicit regional price deflator ","Index",88.521,88.066,89.953,91.269,91.505,94.870,94.381,96.841,99.719,102.093,99.969,100.292,102.547,104.061,111.934,112.327
 "44420","Staunton, VA (Metropolitan Statistical Area)", ,MAIRPD,1,"...","Implicit regional price deflator ","Index",79.731,76.180,79.800,81.442,85.197,86.824,88.506,88.914,82.468,89.136,94.337,92.622,91.637,101.106,106.118,111.569
 "44700","Stockton, CA (Metropolitan Statistical Area)", ,MAIRPD,1,"...","Implicit regional price deflator ","Index",89.329,92.890,91.875,96.201,98.167,97.846,99.386,97.469,98.129,101.579,108.281,109.461,110.162,113.967,125.959,129.432
 "44940","Sumter, SC (Metropolitan Statistical Area)", ,MAIRPD,1,"...","Implicit regional price deflator ","Index",78.797,76.537,80.678,84.432,83.740,85.737,85.821,86.151,84.691,89.085,89.405,88.823,85.154,94.160,102.203,103.924
 "45060","Syracuse, NY (Metropolitan Statistical Area)", ,MAIRPD,1,"...","Implicit regional price deflator ","Index",88.013,87.691,88.816,90.987,90.568,92.898,93.215,96.803,97.436,98.955,99.564,98.375,100.350,104.822,108.543,114.677
 "45220","Tallahassee, FL (Metropolitan Statistical Area)", ,MAIRPD,1,"...","Implicit regional price deflator ","Index",85.567,84.142,86.547,90.105,91.887,91.894,93.525,93.461,95.665,96.981,95.839,96.408,95.300,103.408,109.530,114.805
 "45300","Tampa-St. Petersburg-Clearwater, FL (Metropolitan Statistical Area)", ,MAIRPD,1,"...","Implicit regional price deflator ","Index",92.059,91.835,91.724,92.924,94.762,96.985,98.341,98.183,95.411,96.930,97.226,99.891,106.037,107.709,115.969,124.627
 "45460","Terre Haute, IN (Metropolitan Statistical Area)", ,MAIRPD,1,"...","Implicit regional price deflator ","Index",78.654,78.728,82.206,82.616,83.893,86.079,87.006,84.805,85.528,87.168,91.214,92.484,91.192,95.047,100.897,106.303
 "45500","Texarkana, TX-AR (Metropolitan Statistical Area)", ,MAIRPD,1,"...","Implicit regional price deflator ","Index",78.990,77.074,79.959,83.694,84.762,84.843,86.773,87.570,88.721,88.418,88.885,90.846,91.570,95.735,99.000,102.789
 "45540","The Villages, FL (Metropolitan Statistical Area)", ,MAIRPD,1,"...","Implicit regional price deflator ","Index",80.523,81.511,82.290,83.777,87.877,89.387,90.381,91.134,92.190,91.435,95.192,97.548,96.319,104.613,105.790,113.614
 "45780","Toledo, OH (Metropolitan Statistical Area)", ,MAIRPD,1,"...","Implicit regional price deflator ","Index",84.502,82.740,84.499,86.181,87.322,88.401,90.448,89.302,90.514,91.309,94.313,95.856,94.878,98.323,104.767,108.869
 "45820","Topeka, KS (Metropolitan Statistical Area)", ,MAIRPD,1,"...","Implicit regional price deflator ","Index",81.599,82.387,84.230,85.478,86.586,87.795,89.795,87.928,88.421,89.215,93.721,94.025,94.298,97.326,101.475,103.486
 "45940","Trenton-Princeton, NJ (Metropolitan Statistical Area)", ,MAIRPD,1,"...","Implicit regional price deflator ","Index",93.173,98.096,96.989,99.527,102.637,104.361,107.306,105.633,106.988,109.883,105.949,107.906,108.965,110.959,116.916,122.986
 "46060","Tucson, AZ (Metropolitan Statistical Area)", ,MAIRPD,1,"...","Implicit regional price deflator ","Index",86.566,89.261,89.492,92.861,95.085,94.740,95.631,94.739,94.895,97.589,96.719,98.675,98.396,101.177,108.861,113.679
 "46140","Tulsa, OK (Metropolitan Statistical Area)", ,MAIRPD,1,"...","Implicit regional price deflator ","Index",82.768,81.771,84.422,87.050,88.991,90.354,91.612,91.873,92.944,93.766,93.041,94.310,95.911,99.926,105.127,107.810
 "46220","Tuscaloosa, AL (Metropolitan Statistical Area)", ,MAIRPD,1,"...","Implicit regional price deflator ","Index",79.976,79.251,81.737,83.029,85.627,86.311,87.946,87.040,89.299,92.411,87.555,91.642,91.125,95.909,101.252,108.402
 "46300","Twin Falls, ID (Metropolitan Statistical Area) *", ,MAIRPD,1,"...","Implicit regional price deflator ","Index",(NA),(NA),(NA),(NA),(NA),(NA),(NA),91.376,92.502,94.761,91.158,93.464,92.071,97.861,105.484,106.736
 "46340","Tyler, TX (Metropolitan Statistical Area)", ,MAIRPD,1,"...","Implicit regional price deflator ","Index",85.498,84.746,88.067,89.756,90.599,93.444,92.690,94.047,95.275,95.186,95.363,97.802,99.829,103.002,106.844,111.317
 "46520","Urban Honolulu, HI (Metropolitan Statistical Area)", ,MAIRPD,1,"...","Implicit regional price deflator ","Index",99.682,104.401,101.540,104.822,106.193,110.804,111.315,110.897,111.390,113.507,115.035,117.162,120.999,124.243,131.246,132.837
 "46540","Utica-Rome, NY (Metropolitan Statistical Area)", ,MAIRPD,1,"...","Implicit regional price deflator ","Index",85.559,85.475,86.296,87.521,88.481,91.804,91.819,94.240,93.825,95.557,96.896,96.106,97.723,100.681,104.331,111.165
 "46660","Valdosta, GA (Metropolitan Statistical Area)", ,MAIRPD,1,"...","Implicit regional price deflator ","Index",79.146,76.265,79.934,79.411,83.792,83.670,85.552,84.065,85.727,85.972,88.732,90.369,88.872,96.146,104.043,104.480
 "46700","Vallejo, CA (Metropolitan Statistical Area)", ,MAIRPD,1,"...","Implicit regional price deflator ","Index",104.052,101.020,101.222,101.627,103.700,105.526,107.547,109.550,111.004,117.454,112.826,113.061,115.804,119.194,130.667,131.577
 "47020","Victoria, TX (Metropolitan Statistical Area)", ,MAIRPD,1,"...","Implicit regional price deflator ","Index",83.657,82.252,83.484,88.538,89.366,91.856,93.135,93.501,95.835,94.770,95.562,96.737,99.783,99.957,105.581,109.202
 "47220","Vineland-Bridgeton, NJ (Metropolitan Statistical Area)", ,MAIRPD,1,"...","Implicit regional price deflator ","Index",91.976,91.973,92.274,96.460,97.070,94.793,97.113,96.285,95.662,96.250,100.159,101.508,101.022,105.123,107.766,112.955
 "47260","Virginia Beach-Norfolk-Newport News, VA-NC (Metropolitan Statistical Area)", ,MAIRPD,1,"...","Implicit regional price deflator ","Index",89.054,88.006,91.136,93.892,94.556,95.409,97.080,97.394,99.140,98.968,99.853,98.858,99.964,106.667,113.640,117.310
 "47300","Visalia, CA (Metropolitan Statistical Area)", ,MAIRPD,1,"...","Implicit regional price deflator ","Index",84.561,87.250,87.217,91.335,93.266,92.872,94.342,92.886,92.926,96.443,102.560,103.080,103.371,107.779,118.818,122.079
 "47380","Waco, TX (Metropolitan Statistical Area)", ,MAIRPD,1,"...","Implicit regional price deflator ","Index",83.704,82.213,84.330,87.002,90.193,89.697,91.926,92.555,93.028,93.881,94.095,95.730,97.945,102.927,108.205,109.390
 "47460","Walla Walla, WA (Metropolitan Statistical Area)", ,MAIRPD,1,"...","Implicit regional price deflator ","Index",85.402,84.501,85.338,87.513,89.946,91.261,95.569,97.249,94.689,99.843,101.629,104.230,99.613,107.986,116.706,118.123
 "47580","Warner Robins, GA (Metropolitan Statistical Area)", ,MAIRPD,1,"...","Implicit regional price deflator ","Index",82.093,80.227,81.638,86.714,89.168,89.305,89.500,89.872,91.390,93.541,94.429,93.097,96.296,100.237,107.480,110.333
 "47900","Washington-Arlington-Alexandria, DC-VA-MD-WV (Metropolitan Statistical Area)", ,MAIRPD,1,"...","Implicit regional price deflator ","Index",102.198,102.106,103.487,105.196,105.521,109.062,110.365,110.613,110.156,109.670,113.521,113.473,116.506,121.412,129.107,130.903
 "47940","Waterloo-Cedar Falls, IA (Metropolitan Statistical Area)", ,MAIRPD,1,"...","Implicit regional price deflator ","Index",80.674,80.842,83.657,83.953,86.056,88.516,89.662,88.063,89.087,90.172,93.036,96.116,95.190,97.110,102.018,106.015
 "48060","Watertown-Fort Drum, NY (Metropolitan Statistical Area)", ,MAIRPD,1,"...","Implicit regional price deflator ","Index",83.575,86.422,87.910,92.037,93.425,93.248,94.504,94.774,96.863,98.525,98.705,98.328,94.927,102.035,108.955,109.067
 "48140","Wausau-Weston, WI (Metropolitan Statistical Area)", ,MAIRPD,1,"...","Implicit regional price deflator ","Index",82.706,82.926,84.726,85.826,88.032,88.195,86.227,88.898,88.565,89.852,93.022,95.037,93.522,97.987,105.148,108.603
 "48260","Weirton-Steubenville, WV-OH (Metropolitan Statistical Area)", ,MAIRPD,1,"...","Implicit regional price deflator ","Index",78.561,79.596,80.651,80.281,83.881,85.440,86.201,85.726,86.472,86.217,88.685,90.560,90.787,97.266,103.299,106.953
 "48300","Wenatchee, WA (Metropolitan Statistical Area)", ,MAIRPD,1,"...","Implicit regional price deflator ","Index",87.348,87.513,85.725,90.406,91.683,93.703,94.526,95.892,95.982,101.395,104.283,107.728,107.136,112.279,119.583,122.924
 "48540","Wheeling, WV-OH (Metropolitan Statistical Area)", ,MAIRPD,1,"...","Implicit regional price deflator ","Index",77.802,78.099,81.012,82.337,85.505,86.674,88.164,88.098,89.458,89.414,88.835,90.661,91.012,97.401,103.512,107.226
 "48620","Wichita, KS (Metropolitan Statistical Area)", ,MAIRPD,1,"...","Implicit regional price deflator ","Index",84.014,83.328,84.511,85.799,87.455,89.416,89.898,89.211,90.652,91.180,93.034,95.564,96.321,99.127,103.163,107.817
 "48660","Wichita Falls, TX (Metropolitan Statistical Area)", ,MAIRPD,1,"...","Implicit regional price deflator ","Index",83.355,80.708,83.107,87.316,88.789,89.229,91.694,91.058,91.333,91.841,90.381,92.841,96.844,98.872,102.649,107.134
 "48700","Williamsport, PA (Metropolitan Statistical Area)", ,MAIRPD,1,"...","Implicit regional price deflator ","Index",84.790,81.436,83.587,86.706,87.899,91.047,91.390,92.654,93.805,96.133,96.515,95.522,97.963,99.616,104.096,111.679
 "48900","Wilmington, NC (Metropolitan Statistical Area)", ,MAIRPD,1,"...","Implicit regional price deflator ","Index",83.353,82.244,85.846,88.150,92.274,92.065,94.892,92.660,94.873,95.646,97.948,98.485,98.630,106.391,112.542,117.053
 "49020","Winchester, VA-WV (Metropolitan Statistical Area)", ,MAIRPD,1,"...","Implicit regional price deflator ","Index",81.141,79.769,84.680,87.282,89.350,92.396,90.724,92.819,93.074,92.937,97.816,97.795,98.697,106.121,111.356,113.676
 "49180","Winston-Salem, NC (Metropolitan Statistical Area)", ,MAIRPD,1,"...","Implicit regional price deflator ","Index",81.896,80.594,83.181,86.489,87.538,88.638,90.376,90.435,91.444,91.621,92.619,92.460,93.623,99.841,106.957,110.136
 "49340","Worcester, MA-CT (Metropolitan Statistical Area)", ,MAIRPD,1,"...","Implicit regional price deflator ","Index",92.785,91.742,92.780,95.833,96.760,97.232,99.288,98.712,103.673,104.039,103.055,104.417,106.007,109.151,121.600,122.919
 "49420","Yakima, WA (Metropolitan Statistical Area)", ,MAIRPD,1,"...","Implicit regional price deflator ","Index",82.867,85.641,86.461,90.992,91.821,92.800,93.892,91.860,92.637,94.688,99.382,100.206,100.684,106.444,117.014,118.091
 "49620","York-Hanover, PA (Metropolitan Statistical Area)", ,MAIRPD,1,"...","Implicit regional price deflator ","Index",88.499,89.027,89.099,89.008,91.301,94.855,94.868,95.876,96.387,100.255,99.670,99.929,102.195,105.235,110.916,116.445
 "49660","Youngstown-Warren-Boardman, OH-PA (Metropolitan Statistical Area)", ,MAIRPD,1,"...","Implicit regional price deflator ","Index",81.699,81.400,82.210,82.368,85.833,86.466,87.636,87.374,87.505,88.092,90.328,92.418,90.003,94.853,100.681,103.632
 "49700","Yuba City, CA (Metropolitan Statistical Area)", ,MAIRPD,1,"...","Implicit regional price deflator ","Index",87.200,89.663,88.805,94.804,96.646,96.198,95.784,95.115,95.899,97.983,105.733,106.293,106.738,110.593,119.159,124.875
 "49740","Yuma, AZ (Metropolitan Statistical Area)", ,MAIRPD,1,"...","Implicit regional price deflator ","Index",82.394,87.197,87.158,88.947,88.702,90.295,90.432,92.408,91.070,93.215,92.119,93.607,92.785,97.305,99.680,105.402
"Note: See the included footnote file."
"MAIRPD: Implicit regional price deflators by MSA "
"Last updated: December 12, 2024-- new statistics for 2023; revised statistics for 2019-2022."
"U.S. Bureau of Economic Analysis"
